video_path,label,label_name
archive/RWF-2000/train/NonFight/-1l5631l3fg_0.avi,0,NonFight
archive/RWF-2000/train/NonFight/-1l5631l3fg_1.avi,0,NonFight
archive/RWF-2000/train/NonFight/0AvTZRYx_0.avi,0,NonFight
archive/RWF-2000/train/NonFight/0GGPb4iO_0.avi,0,NonFight
archive/RWF-2000/train/NonFight/0H2s9UJcNJ0_0.avi,0,NonFight
archive/RWF-2000/train/NonFight/0H2s9UJcNJ0_1.avi,0,NonFight
archive/RWF-2000/train/NonFight/0H2s9UJcNJ0_2.avi,0,NonFight
archive/RWF-2000/train/NonFight/0NqPsSHdri8_0.avi,0,NonFight
archive/RWF-2000/train/NonFight/0QSeuqzpcOQ_0.avi,0,NonFight
archive/RWF-2000/train/NonFight/0QSeuqzpcOQ_1.avi,0,NonFight
archive/RWF-2000/train/NonFight/0TFi8D8IBg4_0.avi,0,NonFight
archive/RWF-2000/train/NonFight/0TP13Nyn_0.avi,0,NonFight
archive/RWF-2000/train/NonFight/0vasozvJYvk_0.avi,0,NonFight
archive/RWF-2000/train/NonFight/0vasozvJYvk_1.avi,0,NonFight
archive/RWF-2000/train/NonFight/0vasozvJYvk_2.avi,0,NonFight
archive/RWF-2000/train/NonFight/0xoSMgad_0.avi,0,NonFight
archive/RWF-2000/train/NonFight/0YbzxGPE_0.avi,0,NonFight
archive/RWF-2000/train/NonFight/0_DzLlklZa0_0.avi,0,NonFight
archive/RWF-2000/train/NonFight/0_DzLlklZa0_1.avi,0,NonFight
archive/RWF-2000/train/NonFight/0_DzLlklZa0_2.avi,0,NonFight
archive/RWF-2000/train/NonFight/0_DzLlklZa0_3.avi,0,NonFight
archive/RWF-2000/train/NonFight/11vr9Jho_0.avi,0,NonFight
archive/RWF-2000/train/NonFight/14YZVngQ_0.avi,0,NonFight
archive/RWF-2000/train/NonFight/16O0PIQP_0.avi,0,NonFight
archive/RWF-2000/train/NonFight/18xQQOv5_0.avi,0,NonFight
archive/RWF-2000/train/NonFight/1A3zEkCHBl8_0.avi,0,NonFight
archive/RWF-2000/train/NonFight/1A3zEkCHBl8_1.avi,0,NonFight
archive/RWF-2000/train/NonFight/1A3zEkCHBl8_2.avi,0,NonFight
archive/RWF-2000/train/NonFight/1ahhhDBQHxg_0.avi,0,NonFight
archive/RWF-2000/train/NonFight/1dsLuL5Lvbc_0.avi,0,NonFight
archive/RWF-2000/train/NonFight/1O4KGHbRt3M_0.avi,0,NonFight
archive/RWF-2000/train/NonFight/1O4KGHbRt3M_1.avi,0,NonFight
archive/RWF-2000/train/NonFight/1oEbrZhr_0.avi,0,NonFight
archive/RWF-2000/train/NonFight/1OXrIaQK_0.avi,0,NonFight
archive/RWF-2000/train/NonFight/1QixA5m2_0.avi,0,NonFight
archive/RWF-2000/train/NonFight/1r91ACCe_0.avi,0,NonFight
archive/RWF-2000/train/NonFight/1tU4kxa51vw_0.avi,0,NonFight
archive/RWF-2000/train/NonFight/1tU4kxa51vw_1.avi,0,NonFight
archive/RWF-2000/train/NonFight/1tU4kxa51vw_2.avi,0,NonFight
archive/RWF-2000/train/NonFight/1Ytq2moWGdw_0.avi,0,NonFight
archive/RWF-2000/train/NonFight/24E0xYYUz44_0.avi,0,NonFight
archive/RWF-2000/train/NonFight/24E0xYYUz44_1.avi,0,NonFight
archive/RWF-2000/train/NonFight/24E0xYYUz44_2.avi,0,NonFight
archive/RWF-2000/train/NonFight/2bBn7MLg_0.avi,0,NonFight
archive/RWF-2000/train/NonFight/2gkuUVq1_0.avi,0,NonFight
archive/RWF-2000/train/NonFight/2KMf6p5Q_0.avi,0,NonFight
archive/RWF-2000/train/NonFight/2KvkZ4yo_0.avi,0,NonFight
archive/RWF-2000/train/NonFight/310cmTrl_0.avi,0,NonFight
archive/RWF-2000/train/NonFight/36zWWHlldS8_0.avi,0,NonFight
archive/RWF-2000/train/NonFight/3CQi0ZCCHvc_0.avi,0,NonFight
archive/RWF-2000/train/NonFight/3CQi0ZCCHvc_1.avi,0,NonFight
archive/RWF-2000/train/NonFight/3CQi0ZCCHvc_2.avi,0,NonFight
archive/RWF-2000/train/NonFight/3djtKN3k_0.avi,0,NonFight
archive/RWF-2000/train/NonFight/3Edebh8P_0.avi,0,NonFight
archive/RWF-2000/train/NonFight/3GUaHts0_0.avi,0,NonFight
archive/RWF-2000/train/NonFight/3HCpeji1_0.avi,0,NonFight
archive/RWF-2000/train/NonFight/3kpviz7lAMY_0.avi,0,NonFight
archive/RWF-2000/train/NonFight/3OKArbzg1uc_0.avi,0,NonFight
archive/RWF-2000/train/NonFight/3pRrZ9TS_0.avi,0,NonFight
archive/RWF-2000/train/NonFight/3qsou7p57Nk_0.avi,0,NonFight
archive/RWF-2000/train/NonFight/3qsou7p57Nk_1.avi,0,NonFight
archive/RWF-2000/train/NonFight/3SS0E4SmTk8_0.avi,0,NonFight
archive/RWF-2000/train/NonFight/3SS0E4SmTk8_1.avi,0,NonFight
archive/RWF-2000/train/NonFight/3SS0E4SmTk8_2.avi,0,NonFight
archive/RWF-2000/train/NonFight/3TQqO4N8_0.avi,0,NonFight
archive/RWF-2000/train/NonFight/3Vw7MoNBgx4_0.avi,0,NonFight
archive/RWF-2000/train/NonFight/3Vw7MoNBgx4_1.avi,0,NonFight
archive/RWF-2000/train/NonFight/3z7ncTuu_0.avi,0,NonFight
archive/RWF-2000/train/NonFight/3ZY4hpms_0.avi,0,NonFight
archive/RWF-2000/train/NonFight/40l8LuP4_0.avi,0,NonFight
archive/RWF-2000/train/NonFight/4Fqxw7Nl_0.avi,0,NonFight
archive/RWF-2000/train/NonFight/4fY0Iv4t_0.avi,0,NonFight
archive/RWF-2000/train/NonFight/4grE6XdY_0.avi,0,NonFight
archive/RWF-2000/train/NonFight/4HH7yMU8y9A_0.avi,0,NonFight
archive/RWF-2000/train/NonFight/4HH7yMU8y9A_1.avi,0,NonFight
archive/RWF-2000/train/NonFight/4HH7yMU8y9A_2.avi,0,NonFight
archive/RWF-2000/train/NonFight/4HH7yMU8y9A_3.avi,0,NonFight
archive/RWF-2000/train/NonFight/4jZvTj4j_0.avi,0,NonFight
archive/RWF-2000/train/NonFight/4RgIlSIB_0.avi,0,NonFight
archive/RWF-2000/train/NonFight/4RqDG4I4iAk_0.avi,0,NonFight
archive/RWF-2000/train/NonFight/4RqDG4I4iAk_1.avi,0,NonFight
archive/RWF-2000/train/NonFight/4RqDG4I4iAk_2.avi,0,NonFight
archive/RWF-2000/train/NonFight/4x9VdiCc_0.avi,0,NonFight
archive/RWF-2000/train/NonFight/4yTlGiDoxBo_0.avi,0,NonFight
archive/RWF-2000/train/NonFight/4yTlGiDoxBo_1.avi,0,NonFight
archive/RWF-2000/train/NonFight/4yTlGiDoxBo_2.avi,0,NonFight
archive/RWF-2000/train/NonFight/551_wlV44GU_0.avi,0,NonFight
archive/RWF-2000/train/NonFight/551_wlV44GU_1.avi,0,NonFight
archive/RWF-2000/train/NonFight/5CwYc67y_0.avi,0,NonFight
archive/RWF-2000/train/NonFight/5ieZt2nc_0.avi,0,NonFight
archive/RWF-2000/train/NonFight/5RayT2Vy0EA_0.avi,0,NonFight
archive/RWF-2000/train/NonFight/5RayT2Vy0EA_1.avi,0,NonFight
archive/RWF-2000/train/NonFight/5RayT2Vy0EA_2.avi,0,NonFight
archive/RWF-2000/train/NonFight/5z1f5blMBdk_0.avi,0,NonFight
archive/RWF-2000/train/NonFight/5zVqOS0l_0.avi,0,NonFight
archive/RWF-2000/train/NonFight/6b254l7P_0.avi,0,NonFight
archive/RWF-2000/train/NonFight/6Dej3-k3MRE_0.avi,0,NonFight
archive/RWF-2000/train/NonFight/6Dej3-k3MRE_1.avi,0,NonFight
archive/RWF-2000/train/NonFight/6Dej3-k3MRE_2.avi,0,NonFight
archive/RWF-2000/train/NonFight/6hots6jj_0.avi,0,NonFight
archive/RWF-2000/train/NonFight/6JmCJbug_0.avi,0,NonFight
archive/RWF-2000/train/NonFight/6mrIIcAQ2fI_0.avi,0,NonFight
archive/RWF-2000/train/NonFight/6mrIIcAQ2fI_1.avi,0,NonFight
archive/RWF-2000/train/NonFight/6MSwCc0a_0.avi,0,NonFight
archive/RWF-2000/train/NonFight/6n48sGUq_0.avi,0,NonFight
archive/RWF-2000/train/NonFight/6YmBBzyX_0.avi,0,NonFight
archive/RWF-2000/train/NonFight/7-e3_UW7L7U_0.avi,0,NonFight
archive/RWF-2000/train/NonFight/7icHwpC_d44_0.avi,0,NonFight
archive/RWF-2000/train/NonFight/7KXPekwe_0.avi,0,NonFight
archive/RWF-2000/train/NonFight/7QgVKRHB_0.avi,0,NonFight
archive/RWF-2000/train/NonFight/7qtRgyFsk3s_0.avi,0,NonFight
archive/RWF-2000/train/NonFight/7qtRgyFsk3s_1.avi,0,NonFight
archive/RWF-2000/train/NonFight/7R1m3V8C30g_0.avi,0,NonFight
archive/RWF-2000/train/NonFight/7R1m3V8C30g_1.avi,0,NonFight
archive/RWF-2000/train/NonFight/80ySNph9_0.avi,0,NonFight
archive/RWF-2000/train/NonFight/85dkGMed_0.avi,0,NonFight
archive/RWF-2000/train/NonFight/86lUShJD_0.avi,0,NonFight
archive/RWF-2000/train/NonFight/88ndrvAZpE8_0.avi,0,NonFight
archive/RWF-2000/train/NonFight/88ndrvAZpE8_1.avi,0,NonFight
archive/RWF-2000/train/NonFight/8MuRpAyP_0.avi,0,NonFight
archive/RWF-2000/train/NonFight/8pKKdS7rhXo_0.avi,0,NonFight
archive/RWF-2000/train/NonFight/8PuNOqvh_0.avi,0,NonFight
archive/RWF-2000/train/NonFight/8SWZq5we_fk_0.avi,0,NonFight
archive/RWF-2000/train/NonFight/8SWZq5we_fk_1.avi,0,NonFight
archive/RWF-2000/train/NonFight/8SWZq5we_fk_2.avi,0,NonFight
archive/RWF-2000/train/NonFight/8U6x0VMW_0.avi,0,NonFight
archive/RWF-2000/train/NonFight/8VqTmuq4HcI_0.avi,0,NonFight
archive/RWF-2000/train/NonFight/8VqTmuq4HcI_1.avi,0,NonFight
archive/RWF-2000/train/NonFight/8VqTmuq4HcI_2.avi,0,NonFight
archive/RWF-2000/train/NonFight/9CeKXVvD_0.avi,0,NonFight
archive/RWF-2000/train/NonFight/9C_LQa7nnFg_0.avi,0,NonFight
archive/RWF-2000/train/NonFight/9C_LQa7nnFg_1.avi,0,NonFight
archive/RWF-2000/train/NonFight/9C_LQa7nnFg_2.avi,0,NonFight
archive/RWF-2000/train/NonFight/9F6pZn73_0.avi,0,NonFight
archive/RWF-2000/train/NonFight/9GFNxpur_0.avi,0,NonFight
archive/RWF-2000/train/NonFight/9haGKtHJ_0.avi,0,NonFight
archive/RWF-2000/train/NonFight/9Jss3rP1_0.avi,0,NonFight
archive/RWF-2000/train/NonFight/9N4HikpX_0.avi,0,NonFight
archive/RWF-2000/train/NonFight/9nFtxkJ7ywg_0.avi,0,NonFight
archive/RWF-2000/train/NonFight/9qjOCoE7_0.avi,0,NonFight
archive/RWF-2000/train/NonFight/9U8J4abJGDg_0.avi,0,NonFight
archive/RWF-2000/train/NonFight/9uvZbSsy_0.avi,0,NonFight
archive/RWF-2000/train/NonFight/a2kw3cfb_0.avi,0,NonFight
archive/RWF-2000/train/NonFight/a2qLzOu_n0s_0.avi,0,NonFight
archive/RWF-2000/train/NonFight/a39igxDY_0.avi,0,NonFight
archive/RWF-2000/train/NonFight/a7gBQaAFEtw_0.avi,0,NonFight
archive/RWF-2000/train/NonFight/a7gBQaAFEtw_1.avi,0,NonFight
archive/RWF-2000/train/NonFight/a7gBQaAFEtw_2.avi,0,NonFight
archive/RWF-2000/train/NonFight/a7gBQaAFEtw_3.avi,0,NonFight
archive/RWF-2000/train/NonFight/a7gBQaAFEtw_4.avi,0,NonFight
archive/RWF-2000/train/NonFight/a7gBQaAFEtw_5.avi,0,NonFight
archive/RWF-2000/train/NonFight/AbD9xwut_0.avi,0,NonFight
archive/RWF-2000/train/NonFight/Ae3RYgGF_0.avi,0,NonFight
archive/RWF-2000/train/NonFight/AEGjLggu_0.avi,0,NonFight
archive/RWF-2000/train/NonFight/AF4Rk1I2_0.avi,0,NonFight
archive/RWF-2000/train/NonFight/AG0ofjSP_0.avi,0,NonFight
archive/RWF-2000/train/NonFight/aGfwZ3E4_0.avi,0,NonFight
archive/RWF-2000/train/NonFight/ajJRyYZUEtA_0.avi,0,NonFight
archive/RWF-2000/train/NonFight/ajJRyYZUEtA_1.avi,0,NonFight
archive/RWF-2000/train/NonFight/ajJRyYZUEtA_2.avi,0,NonFight
archive/RWF-2000/train/NonFight/aKgSasWRJ2s_0.avi,0,NonFight
archive/RWF-2000/train/NonFight/aKK0B4kpKZA_0.avi,0,NonFight
archive/RWF-2000/train/NonFight/Am9mUxPTvK4_0.avi,0,NonFight
archive/RWF-2000/train/NonFight/aoFX2ZCB_0.avi,0,NonFight
archive/RWF-2000/train/NonFight/API3q8TBGu4_0.avi,0,NonFight
archive/RWF-2000/train/NonFight/API3q8TBGu4_1.avi,0,NonFight
archive/RWF-2000/train/NonFight/aQysMqg0K7M_0.avi,0,NonFight
archive/RWF-2000/train/NonFight/aQysMqg0K7M_1.avi,0,NonFight
archive/RWF-2000/train/NonFight/aQysMqg0K7M_2.avi,0,NonFight
archive/RWF-2000/train/NonFight/aQysMqg0K7M_3.avi,0,NonFight
archive/RWF-2000/train/NonFight/aRvWjteA_0.avi,0,NonFight
archive/RWF-2000/train/NonFight/arXD3QM2_0.avi,0,NonFight
archive/RWF-2000/train/NonFight/as4zD6d86q0_0.avi,0,NonFight
archive/RWF-2000/train/NonFight/AsGAgf8U2rk_0.avi,0,NonFight
archive/RWF-2000/train/NonFight/Assault005_x264_0.avi,0,NonFight
archive/RWF-2000/train/NonFight/Assault005_x264_1.avi,0,NonFight
archive/RWF-2000/train/NonFight/Assault009_x264_0.avi,0,NonFight
archive/RWF-2000/train/NonFight/Assault009_x264_1.avi,0,NonFight
archive/RWF-2000/train/NonFight/Assault010_x264_0.avi,0,NonFight
archive/RWF-2000/train/NonFight/Assault010_x264_1.avi,0,NonFight
archive/RWF-2000/train/NonFight/Assault011_x264_0.avi,0,NonFight
archive/RWF-2000/train/NonFight/Assault011_x264_1.avi,0,NonFight
archive/RWF-2000/train/NonFight/AszvEN7z_0.avi,0,NonFight
archive/RWF-2000/train/NonFight/ATDMY6PzK9U_0.avi,0,NonFight
archive/RWF-2000/train/NonFight/az7WDDFT_0.avi,0,NonFight
archive/RWF-2000/train/NonFight/B3UdlWcs_0.avi,0,NonFight
archive/RWF-2000/train/NonFight/B6DO4tXb_0.avi,0,NonFight
archive/RWF-2000/train/NonFight/b6XfVAZC9Zs_0.avi,0,NonFight
archive/RWF-2000/train/NonFight/b6XfVAZC9Zs_1.avi,0,NonFight
archive/RWF-2000/train/NonFight/b6XfVAZC9Zs_2.avi,0,NonFight
archive/RWF-2000/train/NonFight/b9I5dDvH_0.avi,0,NonFight
archive/RWF-2000/train/NonFight/bd48s5BpoGY_0.avi,0,NonFight
archive/RWF-2000/train/NonFight/BEoVUtDm_0.avi,0,NonFight
archive/RWF-2000/train/NonFight/bK1saynI_0.avi,0,NonFight
archive/RWF-2000/train/NonFight/BKtajPcB_0.avi,0,NonFight
archive/RWF-2000/train/NonFight/BOLcNZ5O_0.avi,0,NonFight
archive/RWF-2000/train/NonFight/BOt8ZMpM_0.avi,0,NonFight
archive/RWF-2000/train/NonFight/BpargJW29Wo_0.avi,0,NonFight
archive/RWF-2000/train/NonFight/BpargJW29Wo_1.avi,0,NonFight
archive/RWF-2000/train/NonFight/bpbiA2sr_0.avi,0,NonFight
archive/RWF-2000/train/NonFight/bQHNsRpQOIE_0.avi,0,NonFight
archive/RWF-2000/train/NonFight/bQHNsRpQOIE_1.avi,0,NonFight
archive/RWF-2000/train/NonFight/bQHNsRpQOIE_2.avi,0,NonFight
archive/RWF-2000/train/NonFight/bUaC34RU_0.avi,0,NonFight
archive/RWF-2000/train/NonFight/BUjGBAPb_0.avi,0,NonFight
archive/RWF-2000/train/NonFight/c1bRFt0x_0.avi,0,NonFight
archive/RWF-2000/train/NonFight/c1PJngmt_0.avi,0,NonFight
archive/RWF-2000/train/NonFight/C3cT1JGv_0.avi,0,NonFight
archive/RWF-2000/train/NonFight/C4SQF-UZzkA_0.avi,0,NonFight
archive/RWF-2000/train/NonFight/C4SQF-UZzkA_1.avi,0,NonFight
archive/RWF-2000/train/NonFight/C4SQF-UZzkA_2.avi,0,NonFight
archive/RWF-2000/train/NonFight/C76VU1PQ_0.avi,0,NonFight
archive/RWF-2000/train/NonFight/c7j3qEqO_0.avi,0,NonFight
archive/RWF-2000/train/NonFight/C7sNO3e2_0.avi,0,NonFight
archive/RWF-2000/train/NonFight/C7Ty4ui5_0.avi,0,NonFight
archive/RWF-2000/train/NonFight/cAp5A44HRS8_0.avi,0,NonFight
archive/RWF-2000/train/NonFight/cAp5A44HRS8_1.avi,0,NonFight
archive/RWF-2000/train/NonFight/cErr6pCN_0.avi,0,NonFight
archive/RWF-2000/train/NonFight/cfks5NXs_0.avi,0,NonFight
archive/RWF-2000/train/NonFight/cfOKjx8l_0.avi,0,NonFight
archive/RWF-2000/train/NonFight/CfPgoKqk_0.avi,0,NonFight
archive/RWF-2000/train/NonFight/cHsy9xWM_0.avi,0,NonFight
archive/RWF-2000/train/NonFight/cJvLTWGs-SE_0.avi,0,NonFight
archive/RWF-2000/train/NonFight/cJvLTWGs-SE_1.avi,0,NonFight
archive/RWF-2000/train/NonFight/CKzrrb7E_0.avi,0,NonFight
archive/RWF-2000/train/NonFight/cLsPLNQn_0.avi,0,NonFight
archive/RWF-2000/train/NonFight/cPeNUm31_0.avi,0,NonFight
archive/RWF-2000/train/NonFight/CPGf41PN_0.avi,0,NonFight
archive/RWF-2000/train/NonFight/CqJB8ZWLZ-o_0.avi,0,NonFight
archive/RWF-2000/train/NonFight/CqJB8ZWLZ-o_1.avi,0,NonFight
archive/RWF-2000/train/NonFight/CqJB8ZWLZ-o_2.avi,0,NonFight
archive/RWF-2000/train/NonFight/CqJB8ZWLZ-o_3.avi,0,NonFight
archive/RWF-2000/train/NonFight/cqP8OyUh_0.avi,0,NonFight
archive/RWF-2000/train/NonFight/cURNFrn5_0.avi,0,NonFight
archive/RWF-2000/train/NonFight/cVYo5yT2_0.avi,0,NonFight
archive/RWF-2000/train/NonFight/cWJ92fkhME4_0.avi,0,NonFight
archive/RWF-2000/train/NonFight/cwLtq5Y3_0.avi,0,NonFight
archive/RWF-2000/train/NonFight/d1b2n9qX_0.avi,0,NonFight
archive/RWF-2000/train/NonFight/d3WwO8eM_0.avi,0,NonFight
archive/RWF-2000/train/NonFight/D6cjNRiP_0.avi,0,NonFight
archive/RWF-2000/train/NonFight/DAMfrqpC_0.avi,0,NonFight
archive/RWF-2000/train/NonFight/dBllnaSKVfQ_0.avi,0,NonFight
archive/RWF-2000/train/NonFight/dDNWfVPw_0.avi,0,NonFight
archive/RWF-2000/train/NonFight/DIsQwAdR8MI_0.avi,0,NonFight
archive/RWF-2000/train/NonFight/DjLWv5mr_0.avi,0,NonFight
archive/RWF-2000/train/NonFight/dkTzP0SB_0.avi,0,NonFight
archive/RWF-2000/train/NonFight/DL2gWMZA_0.avi,0,NonFight
archive/RWF-2000/train/NonFight/dNDOYLTf_0.avi,0,NonFight
archive/RWF-2000/train/NonFight/dOM7frJMFbc_0.avi,0,NonFight
archive/RWF-2000/train/NonFight/dOM7frJMFbc_1.avi,0,NonFight
archive/RWF-2000/train/NonFight/dOM7frJMFbc_2.avi,0,NonFight
archive/RWF-2000/train/NonFight/dOM7frJMFbc_3.avi,0,NonFight
archive/RWF-2000/train/NonFight/dOo2X5wR_0.avi,0,NonFight
archive/RWF-2000/train/NonFight/dP20avzQAf8_0.avi,0,NonFight
archive/RWF-2000/train/NonFight/dPV9BZrq_0.avi,0,NonFight
archive/RWF-2000/train/NonFight/DrKgJwIv_0.avi,0,NonFight
archive/RWF-2000/train/NonFight/dRlBBYvf_0.avi,0,NonFight
archive/RWF-2000/train/NonFight/DRlOjUNi_0.avi,0,NonFight
archive/RWF-2000/train/NonFight/dt8YUGoOSgQ_0.avi,0,NonFight
archive/RWF-2000/train/NonFight/dt8YUGoOSgQ_1.avi,0,NonFight
archive/RWF-2000/train/NonFight/DThokDTW_0.avi,0,NonFight
archive/RWF-2000/train/NonFight/DTq6Gu30-uA_0.avi,0,NonFight
archive/RWF-2000/train/NonFight/DTq6Gu30-uA_1.avi,0,NonFight
archive/RWF-2000/train/NonFight/DTq6Gu30-uA_2.avi,0,NonFight
archive/RWF-2000/train/NonFight/DWEBHWM9_0.avi,0,NonFight
archive/RWF-2000/train/NonFight/DX5wwFlF_0.avi,0,NonFight
archive/RWF-2000/train/NonFight/DZdLP0rd_0.avi,0,NonFight
archive/RWF-2000/train/NonFight/d_93UNyiVM4_0.avi,0,NonFight
archive/RWF-2000/train/NonFight/d_93UNyiVM4_1.avi,0,NonFight
archive/RWF-2000/train/NonFight/E0Huf4Qi0JE_0.avi,0,NonFight
archive/RWF-2000/train/NonFight/E0rUpvbX_0.avi,0,NonFight
archive/RWF-2000/train/NonFight/E2gqgFNyPL8_0.avi,0,NonFight
archive/RWF-2000/train/NonFight/E2gqgFNyPL8_1.avi,0,NonFight
archive/RWF-2000/train/NonFight/E2gqgFNyPL8_2.avi,0,NonFight
archive/RWF-2000/train/NonFight/e4U3gEDEB58_0.avi,0,NonFight
archive/RWF-2000/train/NonFight/e6iHy7V5_0.avi,0,NonFight
archive/RWF-2000/train/NonFight/e7tarNsO_0.avi,0,NonFight
archive/RWF-2000/train/NonFight/EBwt3Thb_0.avi,0,NonFight
archive/RWF-2000/train/NonFight/EckGCByW_0.avi,0,NonFight
archive/RWF-2000/train/NonFight/EDaOod1H_0.avi,0,NonFight
archive/RWF-2000/train/NonFight/eF5S8iGLAm4_0.avi,0,NonFight
archive/RWF-2000/train/NonFight/eF5S8iGLAm4_1.avi,0,NonFight
archive/RWF-2000/train/NonFight/EGhykgb4_0.avi,0,NonFight
archive/RWF-2000/train/NonFight/EizIwdII_0.avi,0,NonFight
archive/RWF-2000/train/NonFight/ELL0jBUP_0.avi,0,NonFight
archive/RWF-2000/train/NonFight/emGsAcqs_0.avi,0,NonFight
archive/RWF-2000/train/NonFight/eNoGYdL1_0.avi,0,NonFight
archive/RWF-2000/train/NonFight/ep1_I0f-u7g_0.avi,0,NonFight
archive/RWF-2000/train/NonFight/ep1_I0f-u7g_1.avi,0,NonFight
archive/RWF-2000/train/NonFight/EUgjFWbm_0.avi,0,NonFight
archive/RWF-2000/train/NonFight/eUtGwBik_0.avi,0,NonFight
archive/RWF-2000/train/NonFight/ev8va5uR_0.avi,0,NonFight
archive/RWF-2000/train/NonFight/f50PQz7mXds_0.avi,0,NonFight
archive/RWF-2000/train/NonFight/f50PQz7mXds_1.avi,0,NonFight
archive/RWF-2000/train/NonFight/F7W6PQ3V3y8_0.avi,0,NonFight
archive/RWF-2000/train/NonFight/F7W6PQ3V3y8_1.avi,0,NonFight
archive/RWF-2000/train/NonFight/F7W6PQ3V3y8_2.avi,0,NonFight
archive/RWF-2000/train/NonFight/F7W6PQ3V3y8_3.avi,0,NonFight
archive/RWF-2000/train/NonFight/f9jcrHqO_0.avi,0,NonFight
archive/RWF-2000/train/NonFight/FB3eqRE8_0.avi,0,NonFight
archive/RWF-2000/train/NonFight/fBwfFDcgJlk_0.avi,0,NonFight
archive/RWF-2000/train/NonFight/fBwfFDcgJlk_1.avi,0,NonFight
archive/RWF-2000/train/NonFight/fHOVzWgX_0.avi,0,NonFight
archive/RWF-2000/train/NonFight/Fighting014_x264_0.avi,0,NonFight
archive/RWF-2000/train/NonFight/Fighting014_x264_1.avi,0,NonFight
archive/RWF-2000/train/NonFight/fJkWWpNB_0.avi,0,NonFight
archive/RWF-2000/train/NonFight/fJMvC8TV_0.avi,0,NonFight
archive/RWF-2000/train/NonFight/Fk3lg4wG_0.avi,0,NonFight
archive/RWF-2000/train/NonFight/FKl98mfo_0.avi,0,NonFight
archive/RWF-2000/train/NonFight/fMmvH1Fa_0.avi,0,NonFight
archive/RWF-2000/train/NonFight/Fn4sSVbO_0.avi,0,NonFight
archive/RWF-2000/train/NonFight/fNy9LoED_0.avi,0,NonFight
archive/RWF-2000/train/NonFight/FPU7QpO4_0.avi,0,NonFight
archive/RWF-2000/train/NonFight/FrwBev61_0.avi,0,NonFight
archive/RWF-2000/train/NonFight/FSaZ8wiFw8Q_0.avi,0,NonFight
archive/RWF-2000/train/NonFight/fvtpgsrF_0.avi,0,NonFight
archive/RWF-2000/train/NonFight/fwEk96k8g_I_0.avi,0,NonFight
archive/RWF-2000/train/NonFight/fwEk96k8g_I_1.avi,0,NonFight
archive/RWF-2000/train/NonFight/FWsNU4WI_0.avi,0,NonFight
archive/RWF-2000/train/NonFight/FZDDNtcaBcw_0.avi,0,NonFight
archive/RWF-2000/train/NonFight/G0rgy9Ts_0.avi,0,NonFight
archive/RWF-2000/train/NonFight/g3QdfSDk_0.avi,0,NonFight
archive/RWF-2000/train/NonFight/g9nMwbpZ_0.avi,0,NonFight
archive/RWF-2000/train/NonFight/G9uNZGcK_0.avi,0,NonFight
archive/RWF-2000/train/NonFight/gAFkygeJ_0.avi,0,NonFight
archive/RWF-2000/train/NonFight/gBBRxXBI_0.avi,0,NonFight
archive/RWF-2000/train/NonFight/gDeDWPVe_0.avi,0,NonFight
archive/RWF-2000/train/NonFight/gEODOSeI_0.avi,0,NonFight
archive/RWF-2000/train/NonFight/GgT095uX_0.avi,0,NonFight
archive/RWF-2000/train/NonFight/gHcG_c1i4uE_0.avi,0,NonFight
archive/RWF-2000/train/NonFight/gHcG_c1i4uE_1.avi,0,NonFight
archive/RWF-2000/train/NonFight/GhZRf4GIw0w_0.avi,0,NonFight
archive/RWF-2000/train/NonFight/gI4u3PwG_0.avi,0,NonFight
archive/RWF-2000/train/NonFight/gJDvtfRrM7k_0.avi,0,NonFight
archive/RWF-2000/train/NonFight/gk0v57Xn_0.avi,0,NonFight
archive/RWF-2000/train/NonFight/GL9jSSxg_0.avi,0,NonFight
archive/RWF-2000/train/NonFight/gNUhUpxZ_0.avi,0,NonFight
archive/RWF-2000/train/NonFight/GodUly2k_0.avi,0,NonFight
archive/RWF-2000/train/NonFight/golJWJCak1k_0.avi,0,NonFight
archive/RWF-2000/train/NonFight/golJWJCak1k_1.avi,0,NonFight
archive/RWF-2000/train/NonFight/GqDA8E4j_0.avi,0,NonFight
archive/RWF-2000/train/NonFight/Gr3ikl6A2bE_0.avi,0,NonFight
archive/RWF-2000/train/NonFight/gR4OsEPl894_0.avi,0,NonFight
archive/RWF-2000/train/NonFight/gR4OsEPl894_1.avi,0,NonFight
archive/RWF-2000/train/NonFight/gR4OsEPl894_2.avi,0,NonFight
archive/RWF-2000/train/NonFight/gR4OsEPl894_3.avi,0,NonFight
archive/RWF-2000/train/NonFight/grxri53x_0.avi,0,NonFight
archive/RWF-2000/train/NonFight/gSmdNZya_0.avi,0,NonFight
archive/RWF-2000/train/NonFight/gUYfrLHe_0.avi,0,NonFight
archive/RWF-2000/train/NonFight/GVdnjHyU_0.avi,0,NonFight
archive/RWF-2000/train/NonFight/gzozjcrr_0.avi,0,NonFight
archive/RWF-2000/train/NonFight/GzPhV725_0.avi,0,NonFight
archive/RWF-2000/train/NonFight/gzrwD4E5_0.avi,0,NonFight
archive/RWF-2000/train/NonFight/GZWxDB1c_0.avi,0,NonFight
archive/RWF-2000/train/NonFight/H1AzC-GyKto_0.avi,0,NonFight
archive/RWF-2000/train/NonFight/H1AzC-GyKto_1.avi,0,NonFight
archive/RWF-2000/train/NonFight/H1AzC-GyKto_2.avi,0,NonFight
archive/RWF-2000/train/NonFight/H1AzC-GyKto_3.avi,0,NonFight
archive/RWF-2000/train/NonFight/H68yvSdp_0.avi,0,NonFight
archive/RWF-2000/train/NonFight/HAh9eqtO_0.avi,0,NonFight
archive/RWF-2000/train/NonFight/HAoCHqFV_0.avi,0,NonFight
archive/RWF-2000/train/NonFight/HbfZYAXw_0.avi,0,NonFight
archive/RWF-2000/train/NonFight/hbTlgnTw_0.avi,0,NonFight
archive/RWF-2000/train/NonFight/HG8xQFSd_0.avi,0,NonFight
archive/RWF-2000/train/NonFight/hgMpDK55_0.avi,0,NonFight
archive/RWF-2000/train/NonFight/HodGUj8s_0.avi,0,NonFight
archive/RWF-2000/train/NonFight/hP8CJJcx_0.avi,0,NonFight
archive/RWF-2000/train/NonFight/hrBh5x_3hW0_0.avi,0,NonFight
archive/RWF-2000/train/NonFight/hrBh5x_3hW0_1.avi,0,NonFight
archive/RWF-2000/train/NonFight/Hsvzcq2l_0.avi,0,NonFight
archive/RWF-2000/train/NonFight/HUuRelBW_0.avi,0,NonFight
archive/RWF-2000/train/NonFight/HvfhYJ8b_0.avi,0,NonFight
archive/RWF-2000/train/NonFight/HVRUChVh_0.avi,0,NonFight
archive/RWF-2000/train/NonFight/HVSv9sgz2ZI_0.avi,0,NonFight
archive/RWF-2000/train/NonFight/HVSv9sgz2ZI_1.avi,0,NonFight
archive/RWF-2000/train/NonFight/HVSv9sgz2ZI_2.avi,0,NonFight
archive/RWF-2000/train/NonFight/HVSv9sgz2ZI_3.avi,0,NonFight
archive/RWF-2000/train/NonFight/HW48LUZKOL4_0.avi,0,NonFight
archive/RWF-2000/train/NonFight/HW48LUZKOL4_1.avi,0,NonFight
archive/RWF-2000/train/NonFight/HW48LUZKOL4_2.avi,0,NonFight
archive/RWF-2000/train/NonFight/HW48LUZKOL4_3.avi,0,NonFight
archive/RWF-2000/train/NonFight/hWBjrqFS_0.avi,0,NonFight
archive/RWF-2000/train/NonFight/HYkbCvPj_0.avi,0,NonFight
archive/RWF-2000/train/NonFight/H_VQJU0Bqpc_0.avi,0,NonFight
archive/RWF-2000/train/NonFight/H_VQJU0Bqpc_1.avi,0,NonFight
archive/RWF-2000/train/NonFight/H_VQJU0Bqpc_2.avi,0,NonFight
archive/RWF-2000/train/NonFight/H_VQJU0Bqpc_3.avi,0,NonFight
archive/RWF-2000/train/NonFight/I-x0G5pAan0_0.avi,0,NonFight
archive/RWF-2000/train/NonFight/I-x0G5pAan0_1.avi,0,NonFight
archive/RWF-2000/train/NonFight/i2sLegg2JPA_0.avi,0,NonFight
archive/RWF-2000/train/NonFight/i2sLegg2JPA_1.avi,0,NonFight
archive/RWF-2000/train/NonFight/i4OubIZo_0.avi,0,NonFight
archive/RWF-2000/train/NonFight/i5xJxtv4gXs_0.avi,0,NonFight
archive/RWF-2000/train/NonFight/i5xJxtv4gXs_1.avi,0,NonFight
archive/RWF-2000/train/NonFight/i5xJxtv4gXs_2.avi,0,NonFight
archive/RWF-2000/train/NonFight/i7MJRWrW_0.avi,0,NonFight
archive/RWF-2000/train/NonFight/I7u5I8Oa_0.avi,0,NonFight
archive/RWF-2000/train/NonFight/IGCZWiP8_0.avi,0,NonFight
archive/RWF-2000/train/NonFight/iki0PAvq_0.avi,0,NonFight
archive/RWF-2000/train/NonFight/iqAmk7ES_0.avi,0,NonFight
archive/RWF-2000/train/NonFight/iquSbj5Wqj0_0.avi,0,NonFight
archive/RWF-2000/train/NonFight/iRnSE1TL_0.avi,0,NonFight
archive/RWF-2000/train/NonFight/Isob76kh_0.avi,0,NonFight
archive/RWF-2000/train/NonFight/iTs901V6_0.avi,0,NonFight
archive/RWF-2000/train/NonFight/itstEXVr_0.avi,0,NonFight
archive/RWF-2000/train/NonFight/IynvwHe9W3U_0.avi,0,NonFight
archive/RWF-2000/train/NonFight/IynvwHe9W3U_1.avi,0,NonFight
archive/RWF-2000/train/NonFight/IynvwHe9W3U_2.avi,0,NonFight
archive/RWF-2000/train/NonFight/IynvwHe9W3U_3.avi,0,NonFight
archive/RWF-2000/train/NonFight/J2Am3J0z_0.avi,0,NonFight
archive/RWF-2000/train/NonFight/J2rsCgMC_0.avi,0,NonFight
archive/RWF-2000/train/NonFight/j83up7ni_0.avi,0,NonFight
archive/RWF-2000/train/NonFight/JBRqNBaP_0.avi,0,NonFight
archive/RWF-2000/train/NonFight/jbSCSexU_0.avi,0,NonFight
archive/RWF-2000/train/NonFight/JD9JJbiJ_0.avi,0,NonFight
archive/RWF-2000/train/NonFight/jgjAKGZW_0.avi,0,NonFight
archive/RWF-2000/train/NonFight/JgXAUoyJ_0.avi,0,NonFight
archive/RWF-2000/train/NonFight/jILBnY3lB2Q_0.avi,0,NonFight
archive/RWF-2000/train/NonFight/jILBnY3lB2Q_1.avi,0,NonFight
archive/RWF-2000/train/NonFight/jILBnY3lB2Q_2.avi,0,NonFight
archive/RWF-2000/train/NonFight/jILBnY3lB2Q_3.avi,0,NonFight
archive/RWF-2000/train/NonFight/jj9SJGft_0.avi,0,NonFight
archive/RWF-2000/train/NonFight/jOZLjdSi_0.avi,0,NonFight
archive/RWF-2000/train/NonFight/JPIeYvRgo6I_0.avi,0,NonFight
archive/RWF-2000/train/NonFight/JPIeYvRgo6I_1.avi,0,NonFight
archive/RWF-2000/train/NonFight/JPIeYvRgo6I_2.avi,0,NonFight
archive/RWF-2000/train/NonFight/JPMLt2ZH_0.avi,0,NonFight
archive/RWF-2000/train/NonFight/jR91oXYV_0.avi,0,NonFight
archive/RWF-2000/train/NonFight/JsjF2OSJ_0.avi,0,NonFight
archive/RWF-2000/train/NonFight/jTbvVbkUaPM_0.avi,0,NonFight
archive/RWF-2000/train/NonFight/jTbvVbkUaPM_1.avi,0,NonFight
archive/RWF-2000/train/NonFight/jTbvVbkUaPM_2.avi,0,NonFight
archive/RWF-2000/train/NonFight/JwfajujK_0.avi,0,NonFight
archive/RWF-2000/train/NonFight/JWFfsHEG_0.avi,0,NonFight
archive/RWF-2000/train/NonFight/JwTPruSFTjk_0.avi,0,NonFight
archive/RWF-2000/train/NonFight/JwTPruSFTjk_1.avi,0,NonFight
archive/RWF-2000/train/NonFight/JxpNuQop_0.avi,0,NonFight
archive/RWF-2000/train/NonFight/jXrwQsZJ_0.avi,0,NonFight
archive/RWF-2000/train/NonFight/K4700BuM_0.avi,0,NonFight
archive/RWF-2000/train/NonFight/kB9NYpu1_0.avi,0,NonFight
archive/RWF-2000/train/NonFight/kBSHDWaGFyc_0.avi,0,NonFight
archive/RWF-2000/train/NonFight/KDOVTf7T_0.avi,0,NonFight
archive/RWF-2000/train/NonFight/kExp3yhspR0_0.avi,0,NonFight
archive/RWF-2000/train/NonFight/kExp3yhspR0_1.avi,0,NonFight
archive/RWF-2000/train/NonFight/kExp3yhspR0_2.avi,0,NonFight
archive/RWF-2000/train/NonFight/kFbpQrq2_0.avi,0,NonFight
archive/RWF-2000/train/NonFight/KklEipxk_0.avi,0,NonFight
archive/RWF-2000/train/NonFight/KLEwMKTN_0.avi,0,NonFight
archive/RWF-2000/train/NonFight/kLHNW0uRutY_0.avi,0,NonFight
archive/RWF-2000/train/NonFight/Km94kW0O_0.avi,0,NonFight
archive/RWF-2000/train/NonFight/kMI2JME3Aag_0.avi,0,NonFight
archive/RWF-2000/train/NonFight/kMI2JME3Aag_1.avi,0,NonFight
archive/RWF-2000/train/NonFight/kMI2JME3Aag_2.avi,0,NonFight
archive/RWF-2000/train/NonFight/kMI2JME3Aag_3.avi,0,NonFight
archive/RWF-2000/train/NonFight/kMI2JME3Aag_4.avi,0,NonFight
archive/RWF-2000/train/NonFight/KOaUqaC8_0.avi,0,NonFight
archive/RWF-2000/train/NonFight/kOp57sQKMPY_0.avi,0,NonFight
archive/RWF-2000/train/NonFight/kOp57sQKMPY_1.avi,0,NonFight
archive/RWF-2000/train/NonFight/kOp57sQKMPY_2.avi,0,NonFight
archive/RWF-2000/train/NonFight/KQTiHlA11fM_0.avi,0,NonFight
archive/RWF-2000/train/NonFight/KQTiHlA11fM_1.avi,0,NonFight
archive/RWF-2000/train/NonFight/KQTiHlA11fM_2.avi,0,NonFight
archive/RWF-2000/train/NonFight/KQTiHlA11fM_3.avi,0,NonFight
archive/RWF-2000/train/NonFight/KxOHVkVQ_0.avi,0,NonFight
archive/RWF-2000/train/NonFight/K_7hT4N2QCE_0.avi,0,NonFight
archive/RWF-2000/train/NonFight/l4gqDHx9_dI_0.avi,0,NonFight
archive/RWF-2000/train/NonFight/l4gqDHx9_dI_1.avi,0,NonFight
archive/RWF-2000/train/NonFight/L9tYVvJY_0.avi,0,NonFight
archive/RWF-2000/train/NonFight/La60qonu_0.avi,0,NonFight
archive/RWF-2000/train/NonFight/La9lzohO_0.avi,0,NonFight
archive/RWF-2000/train/NonFight/LbYQs9oA_0.avi,0,NonFight
archive/RWF-2000/train/NonFight/lhxMVtH7_0.avi,0,NonFight
archive/RWF-2000/train/NonFight/LiCakkNH_0.avi,0,NonFight
archive/RWF-2000/train/NonFight/ljLg4lFbS0Y_0.avi,0,NonFight
archive/RWF-2000/train/NonFight/ljLg4lFbS0Y_1.avi,0,NonFight
archive/RWF-2000/train/NonFight/LLo_TXIz5-g_0.avi,0,NonFight
archive/RWF-2000/train/NonFight/LLo_TXIz5-g_1.avi,0,NonFight
archive/RWF-2000/train/NonFight/lmfaDmCCRoY_0.avi,0,NonFight
archive/RWF-2000/train/NonFight/LMNJJere_0.avi,0,NonFight
archive/RWF-2000/train/NonFight/lNAzMZFI_0.avi,0,NonFight
archive/RWF-2000/train/NonFight/lQ39ffan_0.avi,0,NonFight
archive/RWF-2000/train/NonFight/LqW9A21g_0.avi,0,NonFight
archive/RWF-2000/train/NonFight/lS7tAuv0_0.avi,0,NonFight
archive/RWF-2000/train/NonFight/LSJPhJTB_0.avi,0,NonFight
archive/RWF-2000/train/NonFight/Lui5zaon_0.avi,0,NonFight
archive/RWF-2000/train/NonFight/lx4TN9dS_0.avi,0,NonFight
archive/RWF-2000/train/NonFight/m3PZvVSL_0.avi,0,NonFight
archive/RWF-2000/train/NonFight/M4syignQ_0.avi,0,NonFight
archive/RWF-2000/train/NonFight/Ma1iva6R_0.avi,0,NonFight
archive/RWF-2000/train/NonFight/MBxCX6pw_0.avi,0,NonFight
archive/RWF-2000/train/NonFight/McDxnU7x_0.avi,0,NonFight
archive/RWF-2000/train/NonFight/mE9Cp4na_0.avi,0,NonFight
archive/RWF-2000/train/NonFight/MhiGg6f7_0.avi,0,NonFight
archive/RWF-2000/train/NonFight/MhVfgPWz_0.avi,0,NonFight
archive/RWF-2000/train/NonFight/mHY487R6_0.avi,0,NonFight
archive/RWF-2000/train/NonFight/MmUtpm6Z_0.avi,0,NonFight
archive/RWF-2000/train/NonFight/MOST Shocking CCTV footage (_TwPzPRK7dc)_0.avi,0,NonFight
archive/RWF-2000/train/NonFight/MOST Shocking CCTV footage (_TwPzPRK7dc)_1.avi,0,NonFight
archive/RWF-2000/train/NonFight/mRqg-WXiR7Q_0.avi,0,NonFight
archive/RWF-2000/train/NonFight/muJDFQqbbmA_0.avi,0,NonFight
archive/RWF-2000/train/NonFight/muJDFQqbbmA_1.avi,0,NonFight
archive/RWF-2000/train/NonFight/Mv3d3zJy_0.avi,0,NonFight
archive/RWF-2000/train/NonFight/mVAv7aB5_0.avi,0,NonFight
archive/RWF-2000/train/NonFight/MvYkXHIi_0.avi,0,NonFight
archive/RWF-2000/train/NonFight/MwZvUQRO_0.avi,0,NonFight
archive/RWF-2000/train/NonFight/mx0UXBFc_0.avi,0,NonFight
archive/RWF-2000/train/NonFight/mX4cQM1xMFc_0.avi,0,NonFight
archive/RWF-2000/train/NonFight/MX77f2TD_0.avi,0,NonFight
archive/RWF-2000/train/NonFight/N1Q9v-saJ_g_0.avi,0,NonFight
archive/RWF-2000/train/NonFight/ndNHBJbS_0.avi,0,NonFight
archive/RWF-2000/train/NonFight/NEUya2Rr_0.avi,0,NonFight
archive/RWF-2000/train/NonFight/niXRLeON_0.avi,0,NonFight
archive/RWF-2000/train/NonFight/nj9Rc3lY_0.avi,0,NonFight
archive/RWF-2000/train/NonFight/NmNKzttk_0.avi,0,NonFight
archive/RWF-2000/train/NonFight/NPeKBgURcxI_0.avi,0,NonFight
archive/RWF-2000/train/NonFight/NPeKBgURcxI_1.avi,0,NonFight
archive/RWF-2000/train/NonFight/NPeKBgURcxI_2.avi,0,NonFight
archive/RWF-2000/train/NonFight/NSdXEN1l_0.avi,0,NonFight
archive/RWF-2000/train/NonFight/NvYo6CS_i_A_0.avi,0,NonFight
archive/RWF-2000/train/NonFight/NvYo6CS_i_A_1.avi,0,NonFight
archive/RWF-2000/train/NonFight/NxtwlqSnLbY_0.avi,0,NonFight
archive/RWF-2000/train/NonFight/NxtwlqSnLbY_1.avi,0,NonFight
archive/RWF-2000/train/NonFight/o8sEvktx_0.avi,0,NonFight
archive/RWF-2000/train/NonFight/oAeudqZD_0.avi,0,NonFight
archive/RWF-2000/train/NonFight/OAFsSiyX_0.avi,0,NonFight
archive/RWF-2000/train/NonFight/OAfV0xPIhZw_0.avi,0,NonFight
archive/RWF-2000/train/NonFight/OAfV0xPIhZw_1.avi,0,NonFight
archive/RWF-2000/train/NonFight/OakN3f1N_0.avi,0,NonFight
archive/RWF-2000/train/NonFight/oByKgGBL_0.avi,0,NonFight
archive/RWF-2000/train/NonFight/OCseFRss_0.avi,0,NonFight
archive/RWF-2000/train/NonFight/oDGm-DOOyI4_0.avi,0,NonFight
archive/RWF-2000/train/NonFight/oDGm-DOOyI4_1.avi,0,NonFight
archive/RWF-2000/train/NonFight/oDGm-DOOyI4_2.avi,0,NonFight
archive/RWF-2000/train/NonFight/oDWNiATJ_0.avi,0,NonFight
archive/RWF-2000/train/NonFight/OdxnpEnn_0.avi,0,NonFight
archive/RWF-2000/train/NonFight/OFwYyouR_0.avi,0,NonFight
archive/RWF-2000/train/NonFight/oG3Qxvq0_0.avi,0,NonFight
archive/RWF-2000/train/NonFight/oIEZ45OCmAw_0.avi,0,NonFight
archive/RWF-2000/train/NonFight/okA8k7rF_0.avi,0,NonFight
archive/RWF-2000/train/NonFight/oLs9ckoV_0.avi,0,NonFight
archive/RWF-2000/train/NonFight/oMZpqizQ_0.avi,0,NonFight
archive/RWF-2000/train/NonFight/on2HIPgB_0.avi,0,NonFight
archive/RWF-2000/train/NonFight/OTVE3eLAuUM_0.avi,0,NonFight
archive/RWF-2000/train/NonFight/OTVE3eLAuUM_1.avi,0,NonFight
archive/RWF-2000/train/NonFight/OTVE3eLAuUM_2.avi,0,NonFight
archive/RWF-2000/train/NonFight/OU7AM5fv_0.avi,0,NonFight
archive/RWF-2000/train/NonFight/oUqxGhTe_0.avi,0,NonFight
archive/RWF-2000/train/NonFight/oVMhWJIpHnc_0.avi,0,NonFight
archive/RWF-2000/train/NonFight/oVMhWJIpHnc_1.avi,0,NonFight
archive/RWF-2000/train/NonFight/oVMhWJIpHnc_2.avi,0,NonFight
archive/RWF-2000/train/NonFight/oW8ySS0rN4Y_0.avi,0,NonFight
archive/RWF-2000/train/NonFight/oYFVr2kK_0.avi,0,NonFight
archive/RWF-2000/train/NonFight/OznqyUJq_0.avi,0,NonFight
archive/RWF-2000/train/NonFight/p19HiyCX7EQ_0.avi,0,NonFight
archive/RWF-2000/train/NonFight/P8jyDT3M_0.avi,0,NonFight
archive/RWF-2000/train/NonFight/p9d6QmKh_0.avi,0,NonFight
archive/RWF-2000/train/NonFight/Pe1uIhp4dAQ_0.avi,0,NonFight
archive/RWF-2000/train/NonFight/Pe1uIhp4dAQ_1.avi,0,NonFight
archive/RWF-2000/train/NonFight/PFw7SeFOD04_0.avi,0,NonFight
archive/RWF-2000/train/NonFight/PFw7SeFOD04_1.avi,0,NonFight
archive/RWF-2000/train/NonFight/pHiqIppg_0.avi,0,NonFight
archive/RWF-2000/train/NonFight/pinuwjwm_0.avi,0,NonFight
archive/RWF-2000/train/NonFight/PJDdPv2b9-s_0.avi,0,NonFight
archive/RWF-2000/train/NonFight/PJDdPv2b9-s_1.avi,0,NonFight
archive/RWF-2000/train/NonFight/pKOUG5AqLpY_0.avi,0,NonFight
archive/RWF-2000/train/NonFight/pKOUG5AqLpY_1.avi,0,NonFight
archive/RWF-2000/train/NonFight/pLb6Zimq_0.avi,0,NonFight
archive/RWF-2000/train/NonFight/PNoO9WGJ_0.avi,0,NonFight
archive/RWF-2000/train/NonFight/PqB7UvdW_0.avi,0,NonFight
archive/RWF-2000/train/NonFight/pqvGKGz7_0.avi,0,NonFight
archive/RWF-2000/train/NonFight/pr8yRPMO_0.avi,0,NonFight
archive/RWF-2000/train/NonFight/PTy2vx8Ejas_0.avi,0,NonFight
archive/RWF-2000/train/NonFight/pU9BTy7h_0.avi,0,NonFight
archive/RWF-2000/train/NonFight/PxhG17WC_0.avi,0,NonFight
archive/RWF-2000/train/NonFight/q2yEYFD5_0.avi,0,NonFight
archive/RWF-2000/train/NonFight/q78eIX56_0.avi,0,NonFight
archive/RWF-2000/train/NonFight/Q876qiBJYfA_0.avi,0,NonFight
archive/RWF-2000/train/NonFight/Q876qiBJYfA_1.avi,0,NonFight
archive/RWF-2000/train/NonFight/Q876qiBJYfA_2.avi,0,NonFight
archive/RWF-2000/train/NonFight/QCgEbCBH_0.avi,0,NonFight
archive/RWF-2000/train/NonFight/qEeRHumV_0.avi,0,NonFight
archive/RWF-2000/train/NonFight/qIRZ4SMf_0.avi,0,NonFight
archive/RWF-2000/train/NonFight/qmvilMkD57M_0.avi,0,NonFight
archive/RWF-2000/train/NonFight/qmvilMkD57M_1.avi,0,NonFight
archive/RWF-2000/train/NonFight/qnpure5G_0.avi,0,NonFight
archive/RWF-2000/train/NonFight/Qqfn1urQ_0.avi,0,NonFight
archive/RWF-2000/train/NonFight/qrBAhb8K_0.avi,0,NonFight
archive/RWF-2000/train/NonFight/qrWTk-2a13o_0.avi,0,NonFight
archive/RWF-2000/train/NonFight/qrWTk-2a13o_1.avi,0,NonFight
archive/RWF-2000/train/NonFight/qrWTk-2a13o_2.avi,0,NonFight
archive/RWF-2000/train/NonFight/QUGT4a6qcJs_0.avi,0,NonFight
archive/RWF-2000/train/NonFight/QzNWGaQi_0.avi,0,NonFight
archive/RWF-2000/train/NonFight/R1A_AxUKosk_0.avi,0,NonFight
archive/RWF-2000/train/NonFight/R1A_AxUKosk_1.avi,0,NonFight
archive/RWF-2000/train/NonFight/R2x2rOWh_0.avi,0,NonFight
archive/RWF-2000/train/NonFight/r8PX3ZJ1_II_0.avi,0,NonFight
archive/RWF-2000/train/NonFight/rbByyS4o_0.avi,0,NonFight
archive/RWF-2000/train/NonFight/RbpXgk5M1S0_0.avi,0,NonFight
archive/RWF-2000/train/NonFight/RbpXgk5M1S0_1.avi,0,NonFight
archive/RWF-2000/train/NonFight/RbpXgk5M1S0_2.avi,0,NonFight
archive/RWF-2000/train/NonFight/RFAA8QO7_0.avi,0,NonFight
archive/RWF-2000/train/NonFight/RfFGwwhG_0.avi,0,NonFight
archive/RWF-2000/train/NonFight/RfqBhe5z_0.avi,0,NonFight
archive/RWF-2000/train/NonFight/RFUr2krY_0.avi,0,NonFight
archive/RWF-2000/train/NonFight/RGIpCpdlzI8_0.avi,0,NonFight
archive/RWF-2000/train/NonFight/RGIpCpdlzI8_1.avi,0,NonFight
archive/RWF-2000/train/NonFight/Ri_poPbOu-k_0.avi,0,NonFight
archive/RWF-2000/train/NonFight/Ri_poPbOu-k_1.avi,0,NonFight
archive/RWF-2000/train/NonFight/Ri_poPbOu-k_2.avi,0,NonFight
archive/RWF-2000/train/NonFight/rjHXmq47_0.avi,0,NonFight
archive/RWF-2000/train/NonFight/RNOSWjgC_0.avi,0,NonFight
archive/RWF-2000/train/NonFight/rp9hJAQE_0.avi,0,NonFight
archive/RWF-2000/train/NonFight/RPESrVE2_0.avi,0,NonFight
archive/RWF-2000/train/NonFight/RQbYptdw_0.avi,0,NonFight
archive/RWF-2000/train/NonFight/RR23nrP0_0.avi,0,NonFight
archive/RWF-2000/train/NonFight/rRbZUKgk_0.avi,0,NonFight
archive/RWF-2000/train/NonFight/rSGIFH7n_0.avi,0,NonFight
archive/RWF-2000/train/NonFight/rSumd9HEmrA_0.avi,0,NonFight
archive/RWF-2000/train/NonFight/RUwo8c4s_0.avi,0,NonFight
archive/RWF-2000/train/NonFight/RVV3lolZ_0.avi,0,NonFight
archive/RWF-2000/train/NonFight/rYE6iUUF_0.avi,0,NonFight
archive/RWF-2000/train/NonFight/s-jW4cyavW0_0.avi,0,NonFight
archive/RWF-2000/train/NonFight/s-jW4cyavW0_1.avi,0,NonFight
archive/RWF-2000/train/NonFight/s2S2nIWk_0.avi,0,NonFight
archive/RWF-2000/train/NonFight/S5dmvVF4_0.avi,0,NonFight
archive/RWF-2000/train/NonFight/s83GiLts_0.avi,0,NonFight
archive/RWF-2000/train/NonFight/SaIUKN4N_0.avi,0,NonFight
archive/RWF-2000/train/NonFight/SCnBiAteLVI_0.avi,0,NonFight
archive/RWF-2000/train/NonFight/SCnBiAteLVI_1.avi,0,NonFight
archive/RWF-2000/train/NonFight/SCnBiAteLVI_2.avi,0,NonFight
archive/RWF-2000/train/NonFight/sHa6YZW9_0.avi,0,NonFight
archive/RWF-2000/train/NonFight/sIbVwIO0_0.avi,0,NonFight
archive/RWF-2000/train/NonFight/SJ9WphBI_0.avi,0,NonFight
archive/RWF-2000/train/NonFight/skycjZcE_0.avi,0,NonFight
archive/RWF-2000/train/NonFight/sLOqgf6N_0.avi,0,NonFight
archive/RWF-2000/train/NonFight/snhUvpXC_0.avi,0,NonFight
archive/RWF-2000/train/NonFight/sPd5Wmkc_0.avi,0,NonFight
archive/RWF-2000/train/NonFight/sq03O3JL_0.avi,0,NonFight
archive/RWF-2000/train/NonFight/Suv_mMs8J9g_0.avi,0,NonFight
archive/RWF-2000/train/NonFight/SVdz24hD_0.avi,0,NonFight
archive/RWF-2000/train/NonFight/Swr7caI0_0.avi,0,NonFight
archive/RWF-2000/train/NonFight/sy7BoRGE_0.avi,0,NonFight
archive/RWF-2000/train/NonFight/sYGIUeBX_0.avi,0,NonFight
archive/RWF-2000/train/NonFight/TfDHgxDm_0.avi,0,NonFight
archive/RWF-2000/train/NonFight/tgkbh2d9_0.avi,0,NonFight
archive/RWF-2000/train/NonFight/THqDidIr4Xs_0.avi,0,NonFight
archive/RWF-2000/train/NonFight/THqDidIr4Xs_1.avi,0,NonFight
archive/RWF-2000/train/NonFight/tIHY2ZFQ_0.avi,0,NonFight
archive/RWF-2000/train/NonFight/tILABXoHE7s_0.avi,0,NonFight
archive/RWF-2000/train/NonFight/tILABXoHE7s_1.avi,0,NonFight
archive/RWF-2000/train/NonFight/tILABXoHE7s_2.avi,0,NonFight
archive/RWF-2000/train/NonFight/tIvvuvuJFYc_0.avi,0,NonFight
archive/RWF-2000/train/NonFight/TJfoIe801t8_0.avi,0,NonFight
archive/RWF-2000/train/NonFight/tmm7AxKl_0.avi,0,NonFight
archive/RWF-2000/train/NonFight/tPpXT9VI_0.avi,0,NonFight
archive/RWF-2000/train/NonFight/TSHiCcMS_0.avi,0,NonFight
archive/RWF-2000/train/NonFight/TuWan04E3gQ_0.avi,0,NonFight
archive/RWF-2000/train/NonFight/TuWan04E3gQ_1.avi,0,NonFight
archive/RWF-2000/train/NonFight/TX2ePcRo_0.avi,0,NonFight
archive/RWF-2000/train/NonFight/tXk2yvmq_0.avi,0,NonFight
archive/RWF-2000/train/NonFight/TYsebroPeGY_0.avi,0,NonFight
archive/RWF-2000/train/NonFight/TYsebroPeGY_1.avi,0,NonFight
archive/RWF-2000/train/NonFight/TYX5vuHO_0.avi,0,NonFight
archive/RWF-2000/train/NonFight/tzdvtHL7Akk_0.avi,0,NonFight
archive/RWF-2000/train/NonFight/tzdvtHL7Akk_1.avi,0,NonFight
archive/RWF-2000/train/NonFight/Tzn3HwZD_0.avi,0,NonFight
archive/RWF-2000/train/NonFight/U1Z1bVRt_0.avi,0,NonFight
archive/RWF-2000/train/NonFight/uAKRFGFR_0.avi,0,NonFight
archive/RWF-2000/train/NonFight/UArjSm2Y_0.avi,0,NonFight
archive/RWF-2000/train/NonFight/uEzFjs3X_0.avi,0,NonFight
archive/RWF-2000/train/NonFight/UFA7LVk0_0.avi,0,NonFight
archive/RWF-2000/train/NonFight/ug2tQMG8DC0_0.avi,0,NonFight
archive/RWF-2000/train/NonFight/uhTalZ00_0.avi,0,NonFight
archive/RWF-2000/train/NonFight/UIAGmwT1_0.avi,0,NonFight
archive/RWF-2000/train/NonFight/UIsigi4O-sI_0.avi,0,NonFight
archive/RWF-2000/train/NonFight/UIsigi4O-sI_1.avi,0,NonFight
archive/RWF-2000/train/NonFight/uLGOlxvv_0.avi,0,NonFight
archive/RWF-2000/train/NonFight/ULiIpQ6s_0.avi,0,NonFight
archive/RWF-2000/train/NonFight/umOs1WLBkuo_0.avi,0,NonFight
archive/RWF-2000/train/NonFight/umOs1WLBkuo_1.avi,0,NonFight
archive/RWF-2000/train/NonFight/umOs1WLBkuo_2.avi,0,NonFight
archive/RWF-2000/train/NonFight/uNtsEcFR_0.avi,0,NonFight
archive/RWF-2000/train/NonFight/UQ42UqFJ_0.avi,0,NonFight
archive/RWF-2000/train/NonFight/uu3SB2L1_0.avi,0,NonFight
archive/RWF-2000/train/NonFight/UuMYxOYm_0.avi,0,NonFight
archive/RWF-2000/train/NonFight/UvLAudRA91Y_0.avi,0,NonFight
archive/RWF-2000/train/NonFight/UvLAudRA91Y_1.avi,0,NonFight
archive/RWF-2000/train/NonFight/UvLAudRA91Y_2.avi,0,NonFight
archive/RWF-2000/train/NonFight/uWH7kvNG_0.avi,0,NonFight
archive/RWF-2000/train/NonFight/UWmcbEyn_0.avi,0,NonFight
archive/RWF-2000/train/NonFight/uWQG2hQT_0.avi,0,NonFight
archive/RWF-2000/train/NonFight/uXf4C-YwbtM_0.avi,0,NonFight
archive/RWF-2000/train/NonFight/uXf4C-YwbtM_1.avi,0,NonFight
archive/RWF-2000/train/NonFight/uyeWsodv_0.avi,0,NonFight
archive/RWF-2000/train/NonFight/uz4dXoN5_0.avi,0,NonFight
archive/RWF-2000/train/NonFight/v0wUQPs4_0.avi,0,NonFight
archive/RWF-2000/train/NonFight/V3EI1n_7JwU_0.avi,0,NonFight
archive/RWF-2000/train/NonFight/V726w0IKCp4_0.avi,0,NonFight
archive/RWF-2000/train/NonFight/V89iCOJ1_0.avi,0,NonFight
archive/RWF-2000/train/NonFight/v8cACThQ_0.avi,0,NonFight
archive/RWF-2000/train/NonFight/vBwKQfJYG1Q_0.avi,0,NonFight
archive/RWF-2000/train/NonFight/vBwKQfJYG1Q_1.avi,0,NonFight
archive/RWF-2000/train/NonFight/VbwTMJroTbI_0.avi,0,NonFight
archive/RWF-2000/train/NonFight/VbwTMJroTbI_1.avi,0,NonFight
archive/RWF-2000/train/NonFight/vCO6CZNt_0.avi,0,NonFight
archive/RWF-2000/train/NonFight/Vd27cYFthms_0.avi,0,NonFight
archive/RWF-2000/train/NonFight/vGCZpdPR_0.avi,0,NonFight
archive/RWF-2000/train/NonFight/vJDAaUzYOi8_0.avi,0,NonFight
archive/RWF-2000/train/NonFight/vJDAaUzYOi8_1.avi,0,NonFight
archive/RWF-2000/train/NonFight/VjDGXzWt_0.avi,0,NonFight
archive/RWF-2000/train/NonFight/VnDOPZls_0.avi,0,NonFight
archive/RWF-2000/train/NonFight/vnUS5WN7_0.avi,0,NonFight
archive/RWF-2000/train/NonFight/VpnCjE1l_0.avi,0,NonFight
archive/RWF-2000/train/NonFight/vQKHxtrdEHM_0.avi,0,NonFight
archive/RWF-2000/train/NonFight/vQKHxtrdEHM_1.avi,0,NonFight
archive/RWF-2000/train/NonFight/vu6lIsQm_0.avi,0,NonFight
archive/RWF-2000/train/NonFight/vwQvNOlX_0.avi,0,NonFight
archive/RWF-2000/train/NonFight/VXLdrn0b_0.avi,0,NonFight
archive/RWF-2000/train/NonFight/vXvv1gqd_0.avi,0,NonFight
archive/RWF-2000/train/NonFight/VYWWsld6ibI_0.avi,0,NonFight
archive/RWF-2000/train/NonFight/Wby1vUy8aYI_0.avi,0,NonFight
archive/RWF-2000/train/NonFight/WCbsjDUV_0.avi,0,NonFight
archive/RWF-2000/train/NonFight/WCHYnPMG_0.avi,0,NonFight
archive/RWF-2000/train/NonFight/WfjOB1Vq_0.avi,0,NonFight
archive/RWF-2000/train/NonFight/wgdTpJTo_0.avi,0,NonFight
archive/RWF-2000/train/NonFight/WHNtrI7MEUg_0.avi,0,NonFight
archive/RWF-2000/train/NonFight/WHNtrI7MEUg_1.avi,0,NonFight
archive/RWF-2000/train/NonFight/wk5WCCti_0.avi,0,NonFight
archive/RWF-2000/train/NonFight/wKMXI2vp_0.avi,0,NonFight
archive/RWF-2000/train/NonFight/wMgaVgMG_0.avi,0,NonFight
archive/RWF-2000/train/NonFight/wNTaSOXj_0.avi,0,NonFight
archive/RWF-2000/train/NonFight/WPK4WLlc_0.avi,0,NonFight
archive/RWF-2000/train/NonFight/WW8zIoiZ_0.avi,0,NonFight
archive/RWF-2000/train/NonFight/ww9L6ULb_0.avi,0,NonFight
archive/RWF-2000/train/NonFight/wXHEbfck_0.avi,0,NonFight
archive/RWF-2000/train/NonFight/WXwfibYX_0.avi,0,NonFight
archive/RWF-2000/train/NonFight/wY7Om5cW_0.avi,0,NonFight
archive/RWF-2000/train/NonFight/X0fP5VQMrbg_0.avi,0,NonFight
archive/RWF-2000/train/NonFight/X0fP5VQMrbg_1.avi,0,NonFight
archive/RWF-2000/train/NonFight/X14e9Fwxa8w_0.avi,0,NonFight
archive/RWF-2000/train/NonFight/X3mPJLe9_0.avi,0,NonFight
archive/RWF-2000/train/NonFight/x7iljhbM_0.avi,0,NonFight
archive/RWF-2000/train/NonFight/Xhh2ONc7_0.avi,0,NonFight
archive/RWF-2000/train/NonFight/XJfaYlr0_0.avi,0,NonFight
archive/RWF-2000/train/NonFight/xKq3hlefCUI_0.avi,0,NonFight
archive/RWF-2000/train/NonFight/Xmmy8LvV_0.avi,0,NonFight
archive/RWF-2000/train/NonFight/XPG8GqrH_0.avi,0,NonFight
archive/RWF-2000/train/NonFight/XpQkd2Ug_0.avi,0,NonFight
archive/RWF-2000/train/NonFight/XQR0CvyY_0.avi,0,NonFight
archive/RWF-2000/train/NonFight/XQR0CvyY_1.avi,0,NonFight
archive/RWF-2000/train/NonFight/xQSbcaZp_0.avi,0,NonFight
archive/RWF-2000/train/NonFight/Xr0T6ylW_0.avi,0,NonFight
archive/RWF-2000/train/NonFight/xR1o8M5o_0.avi,0,NonFight
archive/RWF-2000/train/NonFight/xtA4owfr_0.avi,0,NonFight
archive/RWF-2000/train/NonFight/xTCvMktQ_0.avi,0,NonFight
archive/RWF-2000/train/NonFight/XVfkS6rM_0.avi,0,NonFight
archive/RWF-2000/train/NonFight/xW8Esfp9_0.avi,0,NonFight
archive/RWF-2000/train/NonFight/xWBtjX00_0.avi,0,NonFight
archive/RWF-2000/train/NonFight/XwiwESMn_0.avi,0,NonFight
archive/RWF-2000/train/NonFight/xxIkl4Ue_0.avi,0,NonFight
archive/RWF-2000/train/NonFight/xYWhwcqL_0.avi,0,NonFight
archive/RWF-2000/train/NonFight/Y-TiUAODEYw_0.avi,0,NonFight
archive/RWF-2000/train/NonFight/Y-TiUAODEYw_1.avi,0,NonFight
archive/RWF-2000/train/NonFight/Y-TiUAODEYw_2.avi,0,NonFight
archive/RWF-2000/train/NonFight/Y1y9Gxs6_0.avi,0,NonFight
archive/RWF-2000/train/NonFight/Y4KiQpCP_0.avi,0,NonFight
archive/RWF-2000/train/NonFight/y4njAG00_0.avi,0,NonFight
archive/RWF-2000/train/NonFight/YC51sSdT_0.avi,0,NonFight
archive/RWF-2000/train/NonFight/ycOdxOJt_0.avi,0,NonFight
archive/RWF-2000/train/NonFight/yDKfgkb2_0.avi,0,NonFight
archive/RWF-2000/train/NonFight/YJvuxdWs_0.avi,0,NonFight
archive/RWF-2000/train/NonFight/ykI6keNQ_0.avi,0,NonFight
archive/RWF-2000/train/NonFight/yKxTC4lT_0.avi,0,NonFight
archive/RWF-2000/train/NonFight/yldWawWf_0.avi,0,NonFight
archive/RWF-2000/train/NonFight/ypdSZICv_0.avi,0,NonFight
archive/RWF-2000/train/NonFight/YQkE7oOf_0.avi,0,NonFight
archive/RWF-2000/train/NonFight/yQWmI4e8_0.avi,0,NonFight
archive/RWF-2000/train/NonFight/ytjGIK9m_0.avi,0,NonFight
archive/RWF-2000/train/NonFight/yvNawsRf_0.avi,0,NonFight
archive/RWF-2000/train/NonFight/Yw7Ip3VS_0.avi,0,NonFight
archive/RWF-2000/train/NonFight/yWnLtCrM_0.avi,0,NonFight
archive/RWF-2000/train/NonFight/Yxz9WncB_0.avi,0,NonFight
archive/RWF-2000/train/NonFight/zbg2jsE4_0.avi,0,NonFight
archive/RWF-2000/train/NonFight/zHRkgmIT_0.avi,0,NonFight
archive/RWF-2000/train/NonFight/ZIj9BzT4_0.avi,0,NonFight
archive/RWF-2000/train/NonFight/ZPhVyVZt_0.avi,0,NonFight
archive/RWF-2000/train/NonFight/zWrAqXFn_0.avi,0,NonFight
archive/RWF-2000/train/NonFight/Zy04T0RF_0.avi,0,NonFight
archive/RWF-2000/train/NonFight/zZHTBiER_0.avi,0,NonFight
archive/RWF-2000/train/NonFight/_fPfNbHM16M_0.avi,0,NonFight
archive/RWF-2000/train/NonFight/_fPfNbHM16M_1.avi,0,NonFight
archive/RWF-2000/train/NonFight/_q5Nwh4Z6ao_0.avi,0,NonFight
archive/RWF-2000/train/NonFight/_q5Nwh4Z6ao_1.avi,0,NonFight
archive/RWF-2000/train/NonFight/_q5Nwh4Z6ao_2.avi,0,NonFight
archive/RWF-2000/train/NonFight/_q5Nwh4Z6ao_3.avi,0,NonFight
archive/RWF-2000/train/NonFight/_q5Nwh4Z6ao_4.avi,0,NonFight
archive/RWF-2000/train/NonFight/_q5Nwh4Z6ao_5.avi,0,NonFight
archive/RWF-2000/train/NonFight/_q5Nwh4Z6ao_6.avi,0,NonFight
archive/RWF-2000/train/NonFight/_q5Nwh4Z6ao_7.avi,0,NonFight
archive/RWF-2000/train/NonFight/_wVuRdfDHbE_0.avi,0,NonFight
archive/RWF-2000/train/Fight/-1l5631l3fg_0.avi,1,Fight
archive/RWF-2000/train/Fight/-1l5631l3fg_1.avi,1,Fight
archive/RWF-2000/train/Fight/-1l5631l3fg_2.avi,1,Fight
archive/RWF-2000/train/Fight/0H2s9UJcNJ0_0.avi,1,Fight
archive/RWF-2000/train/Fight/0H2s9UJcNJ0_2.avi,1,Fight
archive/RWF-2000/train/Fight/0H2s9UJcNJ0_3.avi,1,Fight
archive/RWF-2000/train/Fight/0H2s9UJcNJ0_4.avi,1,Fight
archive/RWF-2000/train/Fight/0H2s9UJcNJ0_5.avi,1,Fight
archive/RWF-2000/train/Fight/0lHQ2f0d_0.avi,1,Fight
archive/RWF-2000/train/Fight/0lHQ2f0d_1.avi,1,Fight
archive/RWF-2000/train/Fight/0lHQ2f0d_2.avi,1,Fight
archive/RWF-2000/train/Fight/0lHQ2f0d_3.avi,1,Fight
archive/RWF-2000/train/Fight/0NWz-01A2yk_0.avi,1,Fight
archive/RWF-2000/train/Fight/0NWz-01A2yk_1.avi,1,Fight
archive/RWF-2000/train/Fight/0TFi8D8IBg4_1.avi,1,Fight
archive/RWF-2000/train/Fight/0vasozvJYvk_0.avi,1,Fight
archive/RWF-2000/train/Fight/0_DzLlklZa0_3.avi,1,Fight
archive/RWF-2000/train/Fight/0_DzLlklZa0_4.avi,1,Fight
archive/RWF-2000/train/Fight/0_DzLlklZa0_5.avi,1,Fight
archive/RWF-2000/train/Fight/0_DzLlklZa0_6.avi,1,Fight
archive/RWF-2000/train/Fight/1060314ÐäÔòòð¢Ðàð¦ð¦Ðàð¦ð¦Ðåð®ð»Ðëðûð+Ðëð®ð¦ÐåðÉðÁÐêð©ÔòæÐàð¥ð¦Ðåð¬ÔöñÐàðÜð½ÐäÔòæðøÐäÔòùÔòóÐÅÔòØðÿÐàðØð«ÐëðùðíÐàÔöéÔûæÐÅÔòØðÖ_17.avi,1,Fight
archive/RWF-2000/train/Fight/1dsLuL5Lvbc_0.avi,1,Fight
archive/RWF-2000/train/Fight/1dsLuL5Lvbc_1.avi,1,Fight
archive/RWF-2000/train/Fight/1dsLuL5Lvbc_2.avi,1,Fight
archive/RWF-2000/train/Fight/1dsLuL5Lvbc_3.avi,1,Fight
archive/RWF-2000/train/Fight/1DwRGRND_0.avi,1,Fight
archive/RWF-2000/train/Fight/1DwRGRND_1.avi,1,Fight
archive/RWF-2000/train/Fight/1O4KGHbRt3M_0.avi,1,Fight
archive/RWF-2000/train/Fight/1O4KGHbRt3M_1.avi,1,Fight
archive/RWF-2000/train/Fight/1O4KGHbRt3M_2.avi,1,Fight
archive/RWF-2000/train/Fight/1O4KGHbRt3M_3.avi,1,Fight
archive/RWF-2000/train/Fight/1O4KGHbRt3M_4.avi,1,Fight
archive/RWF-2000/train/Fight/1r0Wz04q_0.avi,1,Fight
archive/RWF-2000/train/Fight/1tU4kxa51vw_1.avi,1,Fight
archive/RWF-2000/train/Fight/1XFiS6Lt_0.avi,1,Fight
archive/RWF-2000/train/Fight/1XFiS6Lt_1.avi,1,Fight
archive/RWF-2000/train/Fight/20130506 05_58 Ðêðºð¡ÐäÔòæÔòæ ÐëÔòùðíÐåð«ð¡_37.avi,1,Fight
archive/RWF-2000/train/Fight/24E0xYYUz44_0.avi,1,Fight
archive/RWF-2000/train/Fight/24E0xYYUz44_1.avi,1,Fight
archive/RWF-2000/train/Fight/24E0xYYUz44_2.avi,1,Fight
archive/RWF-2000/train/Fight/24E0xYYUz44_3.avi,1,Fight
archive/RWF-2000/train/Fight/24E0xYYUz44_4.avi,1,Fight
archive/RWF-2000/train/Fight/24E0xYYUz44_5.avi,1,Fight
archive/RWF-2000/train/Fight/24E0xYYUz44_6.avi,1,Fight
archive/RWF-2000/train/Fight/24E0xYYUz44_7.avi,1,Fight
archive/RWF-2000/train/Fight/2hQMRq06NJs_0.avi,1,Fight
archive/RWF-2000/train/Fight/2sy_eLpH-PI_0.avi,1,Fight
archive/RWF-2000/train/Fight/2sy_eLpH-PI_1.avi,1,Fight
archive/RWF-2000/train/Fight/3CQi0ZCCHvc_0.avi,1,Fight
archive/RWF-2000/train/Fight/3CQi0ZCCHvc_1.avi,1,Fight
archive/RWF-2000/train/Fight/3CQi0ZCCHvc_2.avi,1,Fight
archive/RWF-2000/train/Fight/3kpviz7lAMY_0.avi,1,Fight
archive/RWF-2000/train/Fight/3kpviz7lAMY_1.avi,1,Fight
archive/RWF-2000/train/Fight/3kpviz7lAMY_2.avi,1,Fight
archive/RWF-2000/train/Fight/3kpviz7lAMY_3.avi,1,Fight
archive/RWF-2000/train/Fight/3kpviz7lAMY_4.avi,1,Fight
archive/RWF-2000/train/Fight/3OKArbzg1uc_0.avi,1,Fight
archive/RWF-2000/train/Fight/3OKArbzg1uc_1.avi,1,Fight
archive/RWF-2000/train/Fight/3OKArbzg1uc_2.avi,1,Fight
archive/RWF-2000/train/Fight/3OKArbzg1uc_3.avi,1,Fight
archive/RWF-2000/train/Fight/3OKArbzg1uc_4.avi,1,Fight
archive/RWF-2000/train/Fight/3SS0E4SmTk8_0.avi,1,Fight
archive/RWF-2000/train/Fight/3SS0E4SmTk8_1.avi,1,Fight
archive/RWF-2000/train/Fight/3Vw7MoNBgx4_0.avi,1,Fight
archive/RWF-2000/train/Fight/4HH7yMU8y9A_0.avi,1,Fight
archive/RWF-2000/train/Fight/4HH7yMU8y9A_1.avi,1,Fight
archive/RWF-2000/train/Fight/4RqDG4I4iAk_0.avi,1,Fight
archive/RWF-2000/train/Fight/4RqDG4I4iAk_1.avi,1,Fight
archive/RWF-2000/train/Fight/4RqDG4I4iAk_2.avi,1,Fight
archive/RWF-2000/train/Fight/4RqDG4I4iAk_3.avi,1,Fight
archive/RWF-2000/train/Fight/4RqDG4I4iAk_4.avi,1,Fight
archive/RWF-2000/train/Fight/4RqDG4I4iAk_5.avi,1,Fight
archive/RWF-2000/train/Fight/4RqDG4I4iAk_6.avi,1,Fight
archive/RWF-2000/train/Fight/4RqDG4I4iAk_7.avi,1,Fight
archive/RWF-2000/train/Fight/4RqDG4I4iAk_8.avi,1,Fight
archive/RWF-2000/train/Fight/4yTlGiDoxBo_0.avi,1,Fight
archive/RWF-2000/train/Fight/4yTlGiDoxBo_1.avi,1,Fight
archive/RWF-2000/train/Fight/4yTlGiDoxBo_2.avi,1,Fight
archive/RWF-2000/train/Fight/4yTlGiDoxBo_3.avi,1,Fight
archive/RWF-2000/train/Fight/4yTlGiDoxBo_4.avi,1,Fight
archive/RWF-2000/train/Fight/4yTlGiDoxBo_5.avi,1,Fight
archive/RWF-2000/train/Fight/4yzwSsis_0.avi,1,Fight
archive/RWF-2000/train/Fight/5QqDgtwEQsI_0.avi,1,Fight
archive/RWF-2000/train/Fight/6Dej3-k3MRE_0.avi,1,Fight
archive/RWF-2000/train/Fight/6Dej3-k3MRE_1.avi,1,Fight
archive/RWF-2000/train/Fight/6Dej3-k3MRE_2.avi,1,Fight
archive/RWF-2000/train/Fight/6Dej3-k3MRE_3.avi,1,Fight
archive/RWF-2000/train/Fight/6Dej3-k3MRE_4.avi,1,Fight
archive/RWF-2000/train/Fight/6Dej3-k3MRE_5.avi,1,Fight
archive/RWF-2000/train/Fight/6mrIIcAQ2fI_0.avi,1,Fight
archive/RWF-2000/train/Fight/6mrIIcAQ2fI_2.avi,1,Fight
archive/RWF-2000/train/Fight/6mrIIcAQ2fI_3.avi,1,Fight
archive/RWF-2000/train/Fight/6TDF_12.avi,1,Fight
archive/RWF-2000/train/Fight/6TDF_13.avi,1,Fight
archive/RWF-2000/train/Fight/6TDF_14.avi,1,Fight
archive/RWF-2000/train/Fight/6TDF_15.avi,1,Fight
archive/RWF-2000/train/Fight/6TDF_27.avi,1,Fight
archive/RWF-2000/train/Fight/7LnoFKSl2rs_0.avi,1,Fight
archive/RWF-2000/train/Fight/7qtRgyFsk3s_0.avi,1,Fight
archive/RWF-2000/train/Fight/7qtRgyFsk3s_1.avi,1,Fight
archive/RWF-2000/train/Fight/7R1m3V8C30g_0.avi,1,Fight
archive/RWF-2000/train/Fight/7R1m3V8C30g_1.avi,1,Fight
archive/RWF-2000/train/Fight/7R1m3V8C30g_2.avi,1,Fight
archive/RWF-2000/train/Fight/7Xe6eysGKeU_0.avi,1,Fight
archive/RWF-2000/train/Fight/88ndrvAZpE8_0.avi,1,Fight
archive/RWF-2000/train/Fight/88ndrvAZpE8_1.avi,1,Fight
archive/RWF-2000/train/Fight/89UQqPuR4Q4_0.avi,1,Fight
archive/RWF-2000/train/Fight/8bEO4LGr_0.avi,1,Fight
archive/RWF-2000/train/Fight/8mxsp2RTU6M_0.avi,1,Fight
archive/RWF-2000/train/Fight/8pKKdS7rhXo_0.avi,1,Fight
archive/RWF-2000/train/Fight/8pKKdS7rhXo_1.avi,1,Fight
archive/RWF-2000/train/Fight/8pKKdS7rhXo_2.avi,1,Fight
archive/RWF-2000/train/Fight/8SWZq5we_fk_0.avi,1,Fight
archive/RWF-2000/train/Fight/8SWZq5we_fk_1.avi,1,Fight
archive/RWF-2000/train/Fight/8VqTmuq4HcI_0.avi,1,Fight
archive/RWF-2000/train/Fight/91TniI0y_0.avi,1,Fight
archive/RWF-2000/train/Fight/9ErNHIovPDI_0.avi,1,Fight
archive/RWF-2000/train/Fight/9U8J4abJGDg_0.avi,1,Fight
archive/RWF-2000/train/Fight/a2qLzOu_n0s_0.avi,1,Fight
archive/RWF-2000/train/Fight/a2qLzOu_n0s_1.avi,1,Fight
archive/RWF-2000/train/Fight/a2qLzOu_n0s_2.avi,1,Fight
archive/RWF-2000/train/Fight/a2qLzOu_n0s_3.avi,1,Fight
archive/RWF-2000/train/Fight/a2qLzOu_n0s_4.avi,1,Fight
archive/RWF-2000/train/Fight/a7D2i0HTXGM_0.avi,1,Fight
archive/RWF-2000/train/Fight/a7D2i0HTXGM_1.avi,1,Fight
archive/RWF-2000/train/Fight/a7D2i0HTXGM_2.avi,1,Fight
archive/RWF-2000/train/Fight/a7gBQaAFEtw_2.avi,1,Fight
archive/RWF-2000/train/Fight/a7gBQaAFEtw_4.avi,1,Fight
archive/RWF-2000/train/Fight/adg5WJ6y_1.avi,1,Fight
archive/RWF-2000/train/Fight/aIg9Yb0O7Hg_0.avi,1,Fight
archive/RWF-2000/train/Fight/aIg9Yb0O7Hg_1.avi,1,Fight
archive/RWF-2000/train/Fight/aIg9Yb0O7Hg_2.avi,1,Fight
archive/RWF-2000/train/Fight/aIg9Yb0O7Hg_3.avi,1,Fight
archive/RWF-2000/train/Fight/aIg9Yb0O7Hg_4.avi,1,Fight
archive/RWF-2000/train/Fight/aIg9Yb0O7Hg_5.avi,1,Fight
archive/RWF-2000/train/Fight/aKgSasWRJ2s_0.avi,1,Fight
archive/RWF-2000/train/Fight/aKgSasWRJ2s_1.avi,1,Fight
archive/RWF-2000/train/Fight/aKgSasWRJ2s_2.avi,1,Fight
archive/RWF-2000/train/Fight/aKgSasWRJ2s_3.avi,1,Fight
archive/RWF-2000/train/Fight/aKK0B4kpKZA_0.avi,1,Fight
archive/RWF-2000/train/Fight/aKK0B4kpKZA_1.avi,1,Fight
archive/RWF-2000/train/Fight/AkTZX27QhjE_1.avi,1,Fight
archive/RWF-2000/train/Fight/AkTZX27QhjE_2.avi,1,Fight
archive/RWF-2000/train/Fight/AkTZX27QhjE_3.avi,1,Fight
archive/RWF-2000/train/Fight/AkTZX27QhjE_4.avi,1,Fight
archive/RWF-2000/train/Fight/Am9mUxPTvK4_0.avi,1,Fight
archive/RWF-2000/train/Fight/Am9mUxPTvK4_1.avi,1,Fight
archive/RWF-2000/train/Fight/API3q8TBGu4_0.avi,1,Fight
archive/RWF-2000/train/Fight/ar5ns2zW4lY_0.avi,1,Fight
archive/RWF-2000/train/Fight/ar5ns2zW4lY_1.avi,1,Fight
archive/RWF-2000/train/Fight/as4zD6d86q0_0.avi,1,Fight
archive/RWF-2000/train/Fight/as4zD6d86q0_1.avi,1,Fight
archive/RWF-2000/train/Fight/as4zD6d86q0_2.avi,1,Fight
archive/RWF-2000/train/Fight/asdasda_107.avi,1,Fight
archive/RWF-2000/train/Fight/asdasda_108.avi,1,Fight
archive/RWF-2000/train/Fight/asdasda_109.avi,1,Fight
archive/RWF-2000/train/Fight/asdasda_110.avi,1,Fight
archive/RWF-2000/train/Fight/asdasda_111.avi,1,Fight
archive/RWF-2000/train/Fight/asdasda_112.avi,1,Fight
archive/RWF-2000/train/Fight/asdasda_113.avi,1,Fight
archive/RWF-2000/train/Fight/AsGAgf8U2rk_0.avi,1,Fight
archive/RWF-2000/train/Fight/b6XfVAZC9Zs_0.avi,1,Fight
archive/RWF-2000/train/Fight/b6XfVAZC9Zs_1.avi,1,Fight
archive/RWF-2000/train/Fight/b6XfVAZC9Zs_2.avi,1,Fight
archive/RWF-2000/train/Fight/b6XfVAZC9Zs_3.avi,1,Fight
archive/RWF-2000/train/Fight/b6XfVAZC9Zs_4.avi,1,Fight
archive/RWF-2000/train/Fight/b6XfVAZC9Zs_6.avi,1,Fight
archive/RWF-2000/train/Fight/b6XfVAZC9Zs_7.avi,1,Fight
archive/RWF-2000/train/Fight/BCVBVC_263.avi,1,Fight
archive/RWF-2000/train/Fight/BCVBVC_264.avi,1,Fight
archive/RWF-2000/train/Fight/bd48s5BpoGY_0.avi,1,Fight
archive/RWF-2000/train/Fight/bdZ7ubago6I_0.avi,1,Fight
archive/RWF-2000/train/Fight/bdZ7ubago6I_1.avi,1,Fight
archive/RWF-2000/train/Fight/BpargJW29Wo_0.avi,1,Fight
archive/RWF-2000/train/Fight/BpargJW29Wo_1.avi,1,Fight
archive/RWF-2000/train/Fight/BpargJW29Wo_2.avi,1,Fight
archive/RWF-2000/train/Fight/BpargJW29Wo_3.avi,1,Fight
archive/RWF-2000/train/Fight/BpargJW29Wo_4.avi,1,Fight
archive/RWF-2000/train/Fight/bqZo64e6_0.avi,1,Fight
archive/RWF-2000/train/Fight/bqZo64e6_1.avi,1,Fight
archive/RWF-2000/train/Fight/bqZo64e6_2.avi,1,Fight
archive/RWF-2000/train/Fight/bzw-HKuuQbg_0.avi,1,Fight
archive/RWF-2000/train/Fight/bzw-HKuuQbg_1.avi,1,Fight
archive/RWF-2000/train/Fight/bzw-HKuuQbg_2.avi,1,Fight
archive/RWF-2000/train/Fight/bzw-HKuuQbg_3.avi,1,Fight
archive/RWF-2000/train/Fight/bzw-HKuuQbg_4.avi,1,Fight
archive/RWF-2000/train/Fight/bzw-HKuuQbg_5.avi,1,Fight
archive/RWF-2000/train/Fight/bzw-HKuuQbg_6.avi,1,Fight
archive/RWF-2000/train/Fight/C4SQF-UZzkA_2.avi,1,Fight
archive/RWF-2000/train/Fight/C8wt47cphU8_0.avi,1,Fight
archive/RWF-2000/train/Fight/C8wt47cphU8_1.avi,1,Fight
archive/RWF-2000/train/Fight/cAp5A44HRS8_0.avi,1,Fight
archive/RWF-2000/train/Fight/cAp5A44HRS8_1.avi,1,Fight
archive/RWF-2000/train/Fight/CBfRtxkO1bE_0.avi,1,Fight
archive/RWF-2000/train/Fight/CBfRtxkO1bE_1.avi,1,Fight
archive/RWF-2000/train/Fight/CBfRtxkO1bE_2.avi,1,Fight
archive/RWF-2000/train/Fight/CBfRtxkO1bE_3.avi,1,Fight
archive/RWF-2000/train/Fight/cBNVcBk3rjg_0.avi,1,Fight
archive/RWF-2000/train/Fight/cBNVcBk3rjg_1.avi,1,Fight
archive/RWF-2000/train/Fight/cBNVcBk3rjg_2.avi,1,Fight
archive/RWF-2000/train/Fight/cBNVcBk3rjg_3.avi,1,Fight
archive/RWF-2000/train/Fight/cBNVcBk3rjg_4.avi,1,Fight
archive/RWF-2000/train/Fight/Cce4ogHp_0.avi,1,Fight
archive/RWF-2000/train/Fight/Cce4ogHp_1.avi,1,Fight
archive/RWF-2000/train/Fight/cJvLTWGs-SE_0.avi,1,Fight
archive/RWF-2000/train/Fight/cJvLTWGs-SE_1.avi,1,Fight
archive/RWF-2000/train/Fight/CqJB8ZWLZ-o_0.avi,1,Fight
archive/RWF-2000/train/Fight/CqJB8ZWLZ-o_1.avi,1,Fight
archive/RWF-2000/train/Fight/cWJ92fkhME4_0.avi,1,Fight
archive/RWF-2000/train/Fight/cy1gi3ZJb_c_1.avi,1,Fight
archive/RWF-2000/train/Fight/cy1gi3ZJb_c_2.avi,1,Fight
archive/RWF-2000/train/Fight/cy1gi3ZJb_c_3.avi,1,Fight
archive/RWF-2000/train/Fight/cy1gi3ZJb_c_4.avi,1,Fight
archive/RWF-2000/train/Fight/cy1gi3ZJb_c_5.avi,1,Fight
archive/RWF-2000/train/Fight/cy1gi3ZJb_c_6.avi,1,Fight
archive/RWF-2000/train/Fight/dBkszzm-7mw_0.avi,1,Fight
archive/RWF-2000/train/Fight/DC10fyQgNqo_0.avi,1,Fight
archive/RWF-2000/train/Fight/DC10fyQgNqo_1.avi,1,Fight
archive/RWF-2000/train/Fight/DC10fyQgNqo_2.avi,1,Fight
archive/RWF-2000/train/Fight/DC10fyQgNqo_3.avi,1,Fight
archive/RWF-2000/train/Fight/dfsafsghg_325.avi,1,Fight
archive/RWF-2000/train/Fight/dfsafsghg_326.avi,1,Fight
archive/RWF-2000/train/Fight/dfsafsghg_327.avi,1,Fight
archive/RWF-2000/train/Fight/dHEI4OkhC64_0.avi,1,Fight
archive/RWF-2000/train/Fight/DHhyNrXr_0.avi,1,Fight
archive/RWF-2000/train/Fight/DHhyNrXr_1.avi,1,Fight
archive/RWF-2000/train/Fight/DHhyNrXr_2.avi,1,Fight
archive/RWF-2000/train/Fight/DHhyNrXr_5.avi,1,Fight
archive/RWF-2000/train/Fight/DIsQwAdR8MI_0.avi,1,Fight
archive/RWF-2000/train/Fight/dKqbUbuRxB4_0.avi,1,Fight
archive/RWF-2000/train/Fight/dOM7frJMFbc_0.avi,1,Fight
archive/RWF-2000/train/Fight/dOM7frJMFbc_1.avi,1,Fight
archive/RWF-2000/train/Fight/dOM7frJMFbc_2.avi,1,Fight
archive/RWF-2000/train/Fight/dP20avzQAf8_0.avi,1,Fight
archive/RWF-2000/train/Fight/dP20avzQAf8_1.avi,1,Fight
archive/RWF-2000/train/Fight/dt8YUGoOSgQ_0.avi,1,Fight
archive/RWF-2000/train/Fight/dt8YUGoOSgQ_1.avi,1,Fight
archive/RWF-2000/train/Fight/DTq6Gu30-uA_0.avi,1,Fight
archive/RWF-2000/train/Fight/DTq6Gu30-uA_1.avi,1,Fight
archive/RWF-2000/train/Fight/DTq6Gu30-uA_2.avi,1,Fight
archive/RWF-2000/train/Fight/DTq6Gu30-uA_3.avi,1,Fight
archive/RWF-2000/train/Fight/DTq6Gu30-uA_4.avi,1,Fight
archive/RWF-2000/train/Fight/DTq6Gu30-uA_5.avi,1,Fight
archive/RWF-2000/train/Fight/DTq6Gu30-uA_6.avi,1,Fight
archive/RWF-2000/train/Fight/dxzvtJ4gPC0_0.avi,1,Fight
archive/RWF-2000/train/Fight/dxzvtJ4gPC0_1.avi,1,Fight
archive/RWF-2000/train/Fight/E0Huf4Qi0JE_0.avi,1,Fight
archive/RWF-2000/train/Fight/E0Huf4Qi0JE_1.avi,1,Fight
archive/RWF-2000/train/Fight/E2gqgFNyPL8_0.avi,1,Fight
archive/RWF-2000/train/Fight/e4U3gEDEB58_0.avi,1,Fight
archive/RWF-2000/train/Fight/ECoMcgjR_0.avi,1,Fight
archive/RWF-2000/train/Fight/eifiXLWYul8_0.avi,1,Fight
archive/RWF-2000/train/Fight/Ek0jcAoCRw8_0.avi,1,Fight
archive/RWF-2000/train/Fight/Er-sOPbvRVI_0.avi,1,Fight
archive/RWF-2000/train/Fight/erwyrhd_337.avi,1,Fight
archive/RWF-2000/train/Fight/erwyrhd_338.avi,1,Fight
archive/RWF-2000/train/Fight/erwyrhd_339.avi,1,Fight
archive/RWF-2000/train/Fight/erwyrhd_340.avi,1,Fight
archive/RWF-2000/train/Fight/EtRfZ2KP_0.avi,1,Fight
archive/RWF-2000/train/Fight/EtRfZ2KP_2.avi,1,Fight
archive/RWF-2000/train/Fight/EtRfZ2KP_3.avi,1,Fight
archive/RWF-2000/train/Fight/EtRfZ2KP_4.avi,1,Fight
archive/RWF-2000/train/Fight/EtRfZ2KP_5.avi,1,Fight
archive/RWF-2000/train/Fight/f50PQz7mXds_0.avi,1,Fight
archive/RWF-2000/train/Fight/f50PQz7mXds_1.avi,1,Fight
archive/RWF-2000/train/Fight/F7W6PQ3V3y8_0.avi,1,Fight
archive/RWF-2000/train/Fight/F7W6PQ3V3y8_1.avi,1,Fight
archive/RWF-2000/train/Fight/F7W6PQ3V3y8_10.avi,1,Fight
archive/RWF-2000/train/Fight/F7W6PQ3V3y8_11.avi,1,Fight
archive/RWF-2000/train/Fight/F7W6PQ3V3y8_2.avi,1,Fight
archive/RWF-2000/train/Fight/F7W6PQ3V3y8_3.avi,1,Fight
archive/RWF-2000/train/Fight/F7W6PQ3V3y8_4.avi,1,Fight
archive/RWF-2000/train/Fight/F7W6PQ3V3y8_5.avi,1,Fight
archive/RWF-2000/train/Fight/F7W6PQ3V3y8_6.avi,1,Fight
archive/RWF-2000/train/Fight/F7W6PQ3V3y8_7.avi,1,Fight
archive/RWF-2000/train/Fight/F7W6PQ3V3y8_8.avi,1,Fight
archive/RWF-2000/train/Fight/F7W6PQ3V3y8_9.avi,1,Fight
archive/RWF-2000/train/Fight/Fc45rUKM_0.avi,1,Fight
archive/RWF-2000/train/Fight/Fc45rUKM_1.avi,1,Fight
archive/RWF-2000/train/Fight/Fc45rUKM_2.avi,1,Fight
archive/RWF-2000/train/Fight/Fc45rUKM_3.avi,1,Fight
archive/RWF-2000/train/Fight/Fc45rUKM_4.avi,1,Fight
archive/RWF-2000/train/Fight/Fc45rUKM_5.avi,1,Fight
archive/RWF-2000/train/Fight/Fc45rUKM_6.avi,1,Fight
archive/RWF-2000/train/Fight/fK7CSrQ6OpM_1.avi,1,Fight
archive/RWF-2000/train/Fight/fK7CSrQ6OpM_2.avi,1,Fight
archive/RWF-2000/train/Fight/fK7CSrQ6OpM_4.avi,1,Fight
archive/RWF-2000/train/Fight/fRYqXRRcqCs_0.avi,1,Fight
archive/RWF-2000/train/Fight/FSaZ8wiFw8Q_0.avi,1,Fight
archive/RWF-2000/train/Fight/fSE4L50n_0.avi,1,Fight
archive/RWF-2000/train/Fight/fsVC-FnnklU_0.avi,1,Fight
archive/RWF-2000/train/Fight/fsVC-FnnklU_1.avi,1,Fight
archive/RWF-2000/train/Fight/fwEk96k8g_I_0.avi,1,Fight
archive/RWF-2000/train/Fight/fwEk96k8g_I_1.avi,1,Fight
archive/RWF-2000/train/Fight/fwEk96k8g_I_2.avi,1,Fight
archive/RWF-2000/train/Fight/fwEk96k8g_I_3.avi,1,Fight
archive/RWF-2000/train/Fight/FZDDNtcaBcw_0.avi,1,Fight
archive/RWF-2000/train/Fight/FZDDNtcaBcw_1.avi,1,Fight
archive/RWF-2000/train/Fight/FZDDNtcaBcw_2.avi,1,Fight
archive/RWF-2000/train/Fight/G3E1YP6agWs_0.avi,1,Fight
archive/RWF-2000/train/Fight/G3E1YP6agWs_1.avi,1,Fight
archive/RWF-2000/train/Fight/GafFu4IZtIA_0.avi,1,Fight
archive/RWF-2000/train/Fight/GafFu4IZtIA_1.avi,1,Fight
archive/RWF-2000/train/Fight/GafFu4IZtIA_2.avi,1,Fight
archive/RWF-2000/train/Fight/GafFu4IZtIA_3.avi,1,Fight
archive/RWF-2000/train/Fight/GafFu4IZtIA_4.avi,1,Fight
archive/RWF-2000/train/Fight/GafFu4IZtIA_6.avi,1,Fight
archive/RWF-2000/train/Fight/GafFu4IZtIA_7.avi,1,Fight
archive/RWF-2000/train/Fight/gHcG_c1i4uE_0.avi,1,Fight
archive/RWF-2000/train/Fight/GhZRf4GIw0w_0.avi,1,Fight
archive/RWF-2000/train/Fight/gJDvtfRrM7k_0.avi,1,Fight
archive/RWF-2000/train/Fight/gJDvtfRrM7k_1.avi,1,Fight
archive/RWF-2000/train/Fight/GKsvH_pVNQU_0.avi,1,Fight
archive/RWF-2000/train/Fight/GKsvH_pVNQU_1.avi,1,Fight
archive/RWF-2000/train/Fight/gnBmOf7v_0.avi,1,Fight
archive/RWF-2000/train/Fight/gnBmOf7v_1.avi,1,Fight
archive/RWF-2000/train/Fight/gnBmOf7v_2.avi,1,Fight
archive/RWF-2000/train/Fight/gNIohJfdvEc_0.avi,1,Fight
archive/RWF-2000/train/Fight/gNIohJfdvEc_1.avi,1,Fight
archive/RWF-2000/train/Fight/gNIohJfdvEc_2.avi,1,Fight
archive/RWF-2000/train/Fight/Gr3ikl6A2bE_1.avi,1,Fight
archive/RWF-2000/train/Fight/Gr3ikl6A2bE_2.avi,1,Fight
archive/RWF-2000/train/Fight/gR4OsEPl894_0.avi,1,Fight
archive/RWF-2000/train/Fight/gR4OsEPl894_2.avi,1,Fight
archive/RWF-2000/train/Fight/GtGAcKxn_0.avi,1,Fight
archive/RWF-2000/train/Fight/GuLMP_IOrR0_0.avi,1,Fight
archive/RWF-2000/train/Fight/GuLMP_IOrR0_1.avi,1,Fight
archive/RWF-2000/train/Fight/H1AzC-GyKto_0.avi,1,Fight
archive/RWF-2000/train/Fight/H1AzC-GyKto_1.avi,1,Fight
archive/RWF-2000/train/Fight/hEjHnhy2_0.avi,1,Fight
archive/RWF-2000/train/Fight/HgwpC5Xx_0.avi,1,Fight
archive/RWF-2000/train/Fight/HtbVjsRA_0.avi,1,Fight
archive/RWF-2000/train/Fight/HtbVjsRA_1.avi,1,Fight
archive/RWF-2000/train/Fight/HtbVjsRA_2.avi,1,Fight
archive/RWF-2000/train/Fight/HVSv9sgz2ZI_0.avi,1,Fight
archive/RWF-2000/train/Fight/HVSv9sgz2ZI_1.avi,1,Fight
archive/RWF-2000/train/Fight/HVSv9sgz2ZI_2.avi,1,Fight
archive/RWF-2000/train/Fight/HVSv9sgz2ZI_4.avi,1,Fight
archive/RWF-2000/train/Fight/HVSv9sgz2ZI_5.avi,1,Fight
archive/RWF-2000/train/Fight/HW48LUZKOL4_0.avi,1,Fight
archive/RWF-2000/train/Fight/HW48LUZKOL4_1.avi,1,Fight
archive/RWF-2000/train/Fight/HW48LUZKOL4_2.avi,1,Fight
archive/RWF-2000/train/Fight/HW48LUZKOL4_4.avi,1,Fight
archive/RWF-2000/train/Fight/H_VQJU0Bqpc_1.avi,1,Fight
archive/RWF-2000/train/Fight/H_VQJU0Bqpc_2.avi,1,Fight
archive/RWF-2000/train/Fight/I-x0G5pAan0_0.avi,1,Fight
archive/RWF-2000/train/Fight/i2sLegg2JPA_0.avi,1,Fight
archive/RWF-2000/train/Fight/i2sLegg2JPA_1.avi,1,Fight
archive/RWF-2000/train/Fight/i5xJxtv4gXs_0.avi,1,Fight
archive/RWF-2000/train/Fight/i5xJxtv4gXs_1.avi,1,Fight
archive/RWF-2000/train/Fight/i5xJxtv4gXs_2.avi,1,Fight
archive/RWF-2000/train/Fight/i5xJxtv4gXs_3.avi,1,Fight
archive/RWF-2000/train/Fight/i5xJxtv4gXs_4.avi,1,Fight
archive/RWF-2000/train/Fight/iHUwZBSx_0.avi,1,Fight
archive/RWF-2000/train/Fight/Ile3EVQA_0.avi,1,Fight
archive/RWF-2000/train/Fight/Ile3EVQA_1.avi,1,Fight
archive/RWF-2000/train/Fight/iP6yS_OroMk_0.avi,1,Fight
archive/RWF-2000/train/Fight/iquSbj5Wqj0_0.avi,1,Fight
archive/RWF-2000/train/Fight/iquSbj5Wqj0_1.avi,1,Fight
archive/RWF-2000/train/Fight/jCD7lUJQ7Xc_0.avi,1,Fight
archive/RWF-2000/train/Fight/jCD7lUJQ7Xc_1.avi,1,Fight
archive/RWF-2000/train/Fight/jILBnY3lB2Q_0.avi,1,Fight
archive/RWF-2000/train/Fight/JJG0bHPur50_0.avi,1,Fight
archive/RWF-2000/train/Fight/JJG0bHPur50_1.avi,1,Fight
archive/RWF-2000/train/Fight/JJG0bHPur50_2.avi,1,Fight
archive/RWF-2000/train/Fight/jmZqmYnH_0.avi,1,Fight
archive/RWF-2000/train/Fight/jmZqmYnH_1.avi,1,Fight
archive/RWF-2000/train/Fight/JPIeYvRgo6I_0.avi,1,Fight
archive/RWF-2000/train/Fight/JPIeYvRgo6I_1.avi,1,Fight
archive/RWF-2000/train/Fight/Jq8neqBlL2Y_2.avi,1,Fight
archive/RWF-2000/train/Fight/Jq8neqBlL2Y_3.avi,1,Fight
archive/RWF-2000/train/Fight/Jq8neqBlL2Y_4.avi,1,Fight
archive/RWF-2000/train/Fight/Jq8neqBlL2Y_5.avi,1,Fight
archive/RWF-2000/train/Fight/JRL5Vvql_0.avi,1,Fight
archive/RWF-2000/train/Fight/JRL5Vvql_1.avi,1,Fight
archive/RWF-2000/train/Fight/Jt4WbOZeT7s_0.avi,1,Fight
archive/RWF-2000/train/Fight/jTbvVbkUaPM_0.avi,1,Fight
archive/RWF-2000/train/Fight/jTbvVbkUaPM_4.avi,1,Fight
archive/RWF-2000/train/Fight/jTbvVbkUaPM_5.avi,1,Fight
archive/RWF-2000/train/Fight/jtzWSah-BZM_0.avi,1,Fight
archive/RWF-2000/train/Fight/JwTPruSFTjk_0.avi,1,Fight
archive/RWF-2000/train/Fight/JwTPruSFTjk_1.avi,1,Fight
archive/RWF-2000/train/Fight/K6WRP2xi_0.avi,1,Fight
archive/RWF-2000/train/Fight/K6WRP2xi_1.avi,1,Fight
archive/RWF-2000/train/Fight/K6WRP2xi_2.avi,1,Fight
archive/RWF-2000/train/Fight/K6WRP2xi_3.avi,1,Fight
archive/RWF-2000/train/Fight/kExp3yhspR0_0.avi,1,Fight
archive/RWF-2000/train/Fight/kExp3yhspR0_1.avi,1,Fight
archive/RWF-2000/train/Fight/kExp3yhspR0_2.avi,1,Fight
archive/RWF-2000/train/Fight/kExp3yhspR0_3.avi,1,Fight
archive/RWF-2000/train/Fight/kLHNW0uRutY_0.avi,1,Fight
archive/RWF-2000/train/Fight/kLHNW0uRutY_1.avi,1,Fight
archive/RWF-2000/train/Fight/kLHNW0uRutY_2.avi,1,Fight
archive/RWF-2000/train/Fight/kLHNW0uRutY_3.avi,1,Fight
archive/RWF-2000/train/Fight/kLHNW0uRutY_4.avi,1,Fight
archive/RWF-2000/train/Fight/kLHNW0uRutY_5.avi,1,Fight
archive/RWF-2000/train/Fight/kMI2JME3Aag_0.avi,1,Fight
archive/RWF-2000/train/Fight/kMI2JME3Aag_1.avi,1,Fight
archive/RWF-2000/train/Fight/kMI2JME3Aag_2.avi,1,Fight
archive/RWF-2000/train/Fight/kOp57sQKMPY_0.avi,1,Fight
archive/RWF-2000/train/Fight/kOp57sQKMPY_1.avi,1,Fight
archive/RWF-2000/train/Fight/ksdkojifes_416.avi,1,Fight
archive/RWF-2000/train/Fight/Kx5lWLPZ0Y0_0.avi,1,Fight
archive/RWF-2000/train/Fight/Kx5lWLPZ0Y0_1.avi,1,Fight
archive/RWF-2000/train/Fight/K_7hT4N2QCE_0.avi,1,Fight
archive/RWF-2000/train/Fight/K_7hT4N2QCE_1.avi,1,Fight
archive/RWF-2000/train/Fight/K_7hT4N2QCE_2.avi,1,Fight
archive/RWF-2000/train/Fight/l4gqDHx9_dI_0.avi,1,Fight
archive/RWF-2000/train/Fight/l4gqDHx9_dI_1.avi,1,Fight
archive/RWF-2000/train/Fight/l4gqDHx9_dI_2.avi,1,Fight
archive/RWF-2000/train/Fight/l4gqDHx9_dI_3.avi,1,Fight
archive/RWF-2000/train/Fight/lI17Q0j3_0.avi,1,Fight
archive/RWF-2000/train/Fight/lL3FQltu_0.avi,1,Fight
archive/RWF-2000/train/Fight/LLo_TXIz5-g_0.avi,1,Fight
archive/RWF-2000/train/Fight/lmfaDmCCRoY_0.avi,1,Fight
archive/RWF-2000/train/Fight/lmfaDmCCRoY_1.avi,1,Fight
archive/RWF-2000/train/Fight/lmfaDmCCRoY_2.avi,1,Fight
archive/RWF-2000/train/Fight/lmfaDmCCRoY_3.avi,1,Fight
archive/RWF-2000/train/Fight/lmfaDmCCRoY_4.avi,1,Fight
archive/RWF-2000/train/Fight/lmfaDmCCRoY_5.avi,1,Fight
archive/RWF-2000/train/Fight/lmfaDmCCRoY_6.avi,1,Fight
archive/RWF-2000/train/Fight/lmfaDmCCRoY_7.avi,1,Fight
archive/RWF-2000/train/Fight/lUjx4FXvv34_0.avi,1,Fight
archive/RWF-2000/train/Fight/lUjx4FXvv34_1.avi,1,Fight
archive/RWF-2000/train/Fight/mbW7VkAf6Yk_0.avi,1,Fight
archive/RWF-2000/train/Fight/mbW7VkAf6Yk_1.avi,1,Fight
archive/RWF-2000/train/Fight/mbW7VkAf6Yk_2.avi,1,Fight
archive/RWF-2000/train/Fight/Mi4nMB8AHxI_0.avi,1,Fight
archive/RWF-2000/train/Fight/Mi4nMB8AHxI_1.avi,1,Fight
archive/RWF-2000/train/Fight/mRqg-WXiR7Q_0.avi,1,Fight
archive/RWF-2000/train/Fight/mRqg-WXiR7Q_1.avi,1,Fight
archive/RWF-2000/train/Fight/mRqg-WXiR7Q_2.avi,1,Fight
archive/RWF-2000/train/Fight/mRqg-WXiR7Q_3.avi,1,Fight
archive/RWF-2000/train/Fight/mVTcBPrjh-E_0.avi,1,Fight
archive/RWF-2000/train/Fight/mVTcBPrjh-E_1.avi,1,Fight
archive/RWF-2000/train/Fight/mX4cQM1xMFc_0.avi,1,Fight
archive/RWF-2000/train/Fight/mX4cQM1xMFc_1.avi,1,Fight
archive/RWF-2000/train/Fight/mX4cQM1xMFc_2.avi,1,Fight
archive/RWF-2000/train/Fight/mxlWEjopk_c_0.avi,1,Fight
archive/RWF-2000/train/Fight/MzcX84QCuE8_0.avi,1,Fight
archive/RWF-2000/train/Fight/N1Q9v-saJ_g_0.avi,1,Fight
archive/RWF-2000/train/Fight/N1Q9v-saJ_g_1.avi,1,Fight
archive/RWF-2000/train/Fight/N1Q9v-saJ_g_2.avi,1,Fight
archive/RWF-2000/train/Fight/nBO2Wlr3LhU_0.avi,1,Fight
archive/RWF-2000/train/Fight/nBO2Wlr3LhU_1.avi,1,Fight
archive/RWF-2000/train/Fight/nNUeqFgG_0.avi,1,Fight
archive/RWF-2000/train/Fight/nNUeqFgG_1.avi,1,Fight
archive/RWF-2000/train/Fight/nNUeqFgG_3.avi,1,Fight
archive/RWF-2000/train/Fight/nNUeqFgG_4.avi,1,Fight
archive/RWF-2000/train/Fight/nNUeqFgG_5.avi,1,Fight
archive/RWF-2000/train/Fight/NPeKBgURcxI_0.avi,1,Fight
archive/RWF-2000/train/Fight/NPeKBgURcxI_1.avi,1,Fight
archive/RWF-2000/train/Fight/NPeKBgURcxI_2.avi,1,Fight
archive/RWF-2000/train/Fight/NpznjZe7A2M_0.avi,1,Fight
archive/RWF-2000/train/Fight/NpznjZe7A2M_1.avi,1,Fight
archive/RWF-2000/train/Fight/NvYo6CS_i_A_0.avi,1,Fight
archive/RWF-2000/train/Fight/NvYo6CS_i_A_1.avi,1,Fight
archive/RWF-2000/train/Fight/NvYo6CS_i_A_2.avi,1,Fight
archive/RWF-2000/train/Fight/NvYo6CS_i_A_3.avi,1,Fight
archive/RWF-2000/train/Fight/NxtwlqSnLbY_1.avi,1,Fight
archive/RWF-2000/train/Fight/NxtwlqSnLbY_2.avi,1,Fight
archive/RWF-2000/train/Fight/NxtwlqSnLbY_3.avi,1,Fight
archive/RWF-2000/train/Fight/NxtwlqSnLbY_4.avi,1,Fight
archive/RWF-2000/train/Fight/o9sRXy5r_0.avi,1,Fight
archive/RWF-2000/train/Fight/o9sRXy5r_1.avi,1,Fight
archive/RWF-2000/train/Fight/o9sRXy5r_2.avi,1,Fight
archive/RWF-2000/train/Fight/o9sRXy5r_3.avi,1,Fight
archive/RWF-2000/train/Fight/OAfV0xPIhZw_0.avi,1,Fight
archive/RWF-2000/train/Fight/OAfV0xPIhZw_1.avi,1,Fight
archive/RWF-2000/train/Fight/OAfV0xPIhZw_2.avi,1,Fight
archive/RWF-2000/train/Fight/OAfV0xPIhZw_3.avi,1,Fight
archive/RWF-2000/train/Fight/OAfV0xPIhZw_4.avi,1,Fight
archive/RWF-2000/train/Fight/oDGm-DOOyI4_0.avi,1,Fight
archive/RWF-2000/train/Fight/oDGm-DOOyI4_1.avi,1,Fight
archive/RWF-2000/train/Fight/oIEZ45OCmAw_0.avi,1,Fight
archive/RWF-2000/train/Fight/oIEZ45OCmAw_1.avi,1,Fight
archive/RWF-2000/train/Fight/oIEZ45OCmAw_2.avi,1,Fight
archive/RWF-2000/train/Fight/oIEZ45OCmAw_3.avi,1,Fight
archive/RWF-2000/train/Fight/oIEZ45OCmAw_4.avi,1,Fight
archive/RWF-2000/train/Fight/oM-goKOVjeU_0.avi,1,Fight
archive/RWF-2000/train/Fight/oM-goKOVjeU_1.avi,1,Fight
archive/RWF-2000/train/Fight/oowA6LToeTE_0.avi,1,Fight
archive/RWF-2000/train/Fight/oqCIUYdq_0.avi,1,Fight
archive/RWF-2000/train/Fight/OTVE3eLAuUM_0.avi,1,Fight
archive/RWF-2000/train/Fight/OTVE3eLAuUM_1.avi,1,Fight
archive/RWF-2000/train/Fight/OTVE3eLAuUM_2.avi,1,Fight
archive/RWF-2000/train/Fight/Ou8ssKOQzI0_0.avi,1,Fight
archive/RWF-2000/train/Fight/Ou8ssKOQzI0_1.avi,1,Fight
archive/RWF-2000/train/Fight/Ou8ssKOQzI0_2.avi,1,Fight
archive/RWF-2000/train/Fight/oVMhWJIpHnc_0.avi,1,Fight
archive/RWF-2000/train/Fight/oW8ySS0rN4Y_0.avi,1,Fight
archive/RWF-2000/train/Fight/oW8ySS0rN4Y_1.avi,1,Fight
archive/RWF-2000/train/Fight/p19HiyCX7EQ_0.avi,1,Fight
archive/RWF-2000/train/Fight/p19HiyCX7EQ_1.avi,1,Fight
archive/RWF-2000/train/Fight/p19HiyCX7EQ_2.avi,1,Fight
archive/RWF-2000/train/Fight/p1bUxYeJ_0.avi,1,Fight
archive/RWF-2000/train/Fight/p1bUxYeJ_1.avi,1,Fight
archive/RWF-2000/train/Fight/p1bUxYeJ_2.avi,1,Fight
archive/RWF-2000/train/Fight/p4DwXTNr-xc_0.avi,1,Fight
archive/RWF-2000/train/Fight/Pe1uIhp4dAQ_0.avi,1,Fight
archive/RWF-2000/train/Fight/Pe1uIhp4dAQ_1.avi,1,Fight
archive/RWF-2000/train/Fight/Pe1uIhp4dAQ_2.avi,1,Fight
archive/RWF-2000/train/Fight/Pe1uIhp4dAQ_3.avi,1,Fight
archive/RWF-2000/train/Fight/Pe1uIhp4dAQ_4.avi,1,Fight
archive/RWF-2000/train/Fight/PFw7SeFOD04_0.avi,1,Fight
archive/RWF-2000/train/Fight/PFw7SeFOD04_1.avi,1,Fight
archive/RWF-2000/train/Fight/PFw7SeFOD04_2.avi,1,Fight
archive/RWF-2000/train/Fight/PFw7SeFOD04_3.avi,1,Fight
archive/RWF-2000/train/Fight/PJDdPv2b9-s_0.avi,1,Fight
archive/RWF-2000/train/Fight/pKOUG5AqLpY_0.avi,1,Fight
archive/RWF-2000/train/Fight/pKOUG5AqLpY_1.avi,1,Fight
archive/RWF-2000/train/Fight/PlHzsigAFas_0.avi,1,Fight
archive/RWF-2000/train/Fight/PlHzsigAFas_1.avi,1,Fight
archive/RWF-2000/train/Fight/PlHzsigAFas_10.avi,1,Fight
archive/RWF-2000/train/Fight/PlHzsigAFas_11.avi,1,Fight
archive/RWF-2000/train/Fight/PlHzsigAFas_2.avi,1,Fight
archive/RWF-2000/train/Fight/PlHzsigAFas_3.avi,1,Fight
archive/RWF-2000/train/Fight/PlHzsigAFas_4.avi,1,Fight
archive/RWF-2000/train/Fight/PlHzsigAFas_5.avi,1,Fight
archive/RWF-2000/train/Fight/PlHzsigAFas_7.avi,1,Fight
archive/RWF-2000/train/Fight/PlHzsigAFas_8.avi,1,Fight
archive/RWF-2000/train/Fight/PlHzsigAFas_9.avi,1,Fight
archive/RWF-2000/train/Fight/POGFN_429.avi,1,Fight
archive/RWF-2000/train/Fight/POGFN_430.avi,1,Fight
archive/RWF-2000/train/Fight/POGFN_432.avi,1,Fight
archive/RWF-2000/train/Fight/PTy2vx8Ejas_0.avi,1,Fight
archive/RWF-2000/train/Fight/PTy2vx8Ejas_1.avi,1,Fight
archive/RWF-2000/train/Fight/PTy2vx8Ejas_2.avi,1,Fight
archive/RWF-2000/train/Fight/PTy2vx8Ejas_3.avi,1,Fight
archive/RWF-2000/train/Fight/PTy2vx8Ejas_5.avi,1,Fight
archive/RWF-2000/train/Fight/Q1ycSrzoM2c_1.avi,1,Fight
archive/RWF-2000/train/Fight/Q1ycSrzoM2c_2.avi,1,Fight
archive/RWF-2000/train/Fight/QaIY5Au8yOc_0.avi,1,Fight
archive/RWF-2000/train/Fight/QaIY5Au8yOc_1.avi,1,Fight
archive/RWF-2000/train/Fight/QaIY5Au8yOc_2.avi,1,Fight
archive/RWF-2000/train/Fight/QkqaGJ9x_0.avi,1,Fight
archive/RWF-2000/train/Fight/QkqaGJ9x_1.avi,1,Fight
archive/RWF-2000/train/Fight/QkqaGJ9x_2.avi,1,Fight
archive/RWF-2000/train/Fight/QkqaGJ9x_3.avi,1,Fight
archive/RWF-2000/train/Fight/qmvilMkD57M_0.avi,1,Fight
archive/RWF-2000/train/Fight/qmvilMkD57M_1.avi,1,Fight
archive/RWF-2000/train/Fight/qrWTk-2a13o_1.avi,1,Fight
archive/RWF-2000/train/Fight/qrWTk-2a13o_2.avi,1,Fight
archive/RWF-2000/train/Fight/qrWTk-2a13o_3.avi,1,Fight
archive/RWF-2000/train/Fight/QUGT4a6qcJs_0.avi,1,Fight
archive/RWF-2000/train/Fight/QUGT4a6qcJs_1.avi,1,Fight
archive/RWF-2000/train/Fight/QUGT4a6qcJs_2.avi,1,Fight
archive/RWF-2000/train/Fight/R1A_AxUKosk_0.avi,1,Fight
archive/RWF-2000/train/Fight/R1A_AxUKosk_1.avi,1,Fight
archive/RWF-2000/train/Fight/R1A_AxUKosk_2.avi,1,Fight
archive/RWF-2000/train/Fight/R1A_AxUKosk_3.avi,1,Fight
archive/RWF-2000/train/Fight/R1A_AxUKosk_4.avi,1,Fight
archive/RWF-2000/train/Fight/r8PX3ZJ1_II_0.avi,1,Fight
archive/RWF-2000/train/Fight/reg_495.avi,1,Fight
archive/RWF-2000/train/Fight/rfthfd_534.avi,1,Fight
archive/RWF-2000/train/Fight/rfthfd_535.avi,1,Fight
archive/RWF-2000/train/Fight/rfthfd_536.avi,1,Fight
archive/RWF-2000/train/Fight/rfthfd_537.avi,1,Fight
archive/RWF-2000/train/Fight/rfthfd_538.avi,1,Fight
archive/RWF-2000/train/Fight/RGIpCpdlzI8_0.avi,1,Fight
archive/RWF-2000/train/Fight/Ri_poPbOu-k_0.avi,1,Fight
archive/RWF-2000/train/Fight/Ri_poPbOu-k_1.avi,1,Fight
archive/RWF-2000/train/Fight/Ri_poPbOu-k_2.avi,1,Fight
archive/RWF-2000/train/Fight/rn7Qjaj9_0.avi,1,Fight
archive/RWF-2000/train/Fight/rn7Qjaj9_1.avi,1,Fight
archive/RWF-2000/train/Fight/ROiHwksPSrg_0.avi,1,Fight
archive/RWF-2000/train/Fight/RTCFGASH_573.avi,1,Fight
archive/RWF-2000/train/Fight/RTCFGASH_579.avi,1,Fight
archive/RWF-2000/train/Fight/RTDSFDSA_673.avi,1,Fight
archive/RWF-2000/train/Fight/RTDSFDSA_674.avi,1,Fight
archive/RWF-2000/train/Fight/RTDSFDSA_675.avi,1,Fight
archive/RWF-2000/train/Fight/RTDSFDSA_676.avi,1,Fight
archive/RWF-2000/train/Fight/RTDSFDSA_677.avi,1,Fight
archive/RWF-2000/train/Fight/RYFG_774.avi,1,Fight
archive/RWF-2000/train/Fight/RYFG_775.avi,1,Fight
archive/RWF-2000/train/Fight/RYFG_776.avi,1,Fight
archive/RWF-2000/train/Fight/RYFG_777.avi,1,Fight
archive/RWF-2000/train/Fight/RYFG_778.avi,1,Fight
archive/RWF-2000/train/Fight/RYFG_779.avi,1,Fight
archive/RWF-2000/train/Fight/RYFG_781.avi,1,Fight
archive/RWF-2000/train/Fight/s-jW4cyavW0_0.avi,1,Fight
archive/RWF-2000/train/Fight/s-jW4cyavW0_1.avi,1,Fight
archive/RWF-2000/train/Fight/s-jW4cyavW0_2.avi,1,Fight
archive/RWF-2000/train/Fight/s3gaPKuW_0.avi,1,Fight
archive/RWF-2000/train/Fight/s3gaPKuW_1.avi,1,Fight
archive/RWF-2000/train/Fight/sadffg_950.avi,1,Fight
archive/RWF-2000/train/Fight/sadsa_956.avi,1,Fight
archive/RWF-2000/train/Fight/sadsa_957.avi,1,Fight
archive/RWF-2000/train/Fight/sadsa_958.avi,1,Fight
archive/RWF-2000/train/Fight/sadsa_959.avi,1,Fight
archive/RWF-2000/train/Fight/sadsa_960.avi,1,Fight
archive/RWF-2000/train/Fight/sadsa_961.avi,1,Fight
archive/RWF-2000/train/Fight/SCnBiAteLVI_0.avi,1,Fight
archive/RWF-2000/train/Fight/SCnBiAteLVI_1.avi,1,Fight
archive/RWF-2000/train/Fight/SGntTioECg4_997.avi,1,Fight
archive/RWF-2000/train/Fight/SGntTioECg4_999.avi,1,Fight
archive/RWF-2000/train/Fight/SjJEt0drQZs_0.avi,1,Fight
archive/RWF-2000/train/Fight/SmBrtaGJ_0.avi,1,Fight
archive/RWF-2000/train/Fight/SmBrtaGJ_1.avi,1,Fight
archive/RWF-2000/train/Fight/SNGRni0hBUM_0.avi,1,Fight
archive/RWF-2000/train/Fight/Suv_mMs8J9g_0.avi,1,Fight
archive/RWF-2000/train/Fight/SXd2yu2LHv0_0.avi,1,Fight
archive/RWF-2000/train/Fight/SXd2yu2LHv0_1.avi,1,Fight
archive/RWF-2000/train/Fight/SXd2yu2LHv0_2.avi,1,Fight
archive/RWF-2000/train/Fight/t2z75yT2S_M_0.avi,1,Fight
archive/RWF-2000/train/Fight/t2z75yT2S_M_1.avi,1,Fight
archive/RWF-2000/train/Fight/T56HlypCEyU_0.avi,1,Fight
archive/RWF-2000/train/Fight/T56HlypCEyU_1.avi,1,Fight
archive/RWF-2000/train/Fight/T56HlypCEyU_2.avi,1,Fight
archive/RWF-2000/train/Fight/ThiaJUQ8_1.avi,1,Fight
archive/RWF-2000/train/Fight/ThiaJUQ8_2.avi,1,Fight
archive/RWF-2000/train/Fight/ThiaJUQ8_3.avi,1,Fight
archive/RWF-2000/train/Fight/tILABXoHE7s_0.avi,1,Fight
archive/RWF-2000/train/Fight/tILABXoHE7s_1.avi,1,Fight
archive/RWF-2000/train/Fight/tILABXoHE7s_2.avi,1,Fight
archive/RWF-2000/train/Fight/tILABXoHE7s_3.avi,1,Fight
archive/RWF-2000/train/Fight/tILABXoHE7s_4.avi,1,Fight
archive/RWF-2000/train/Fight/tILABXoHE7s_5.avi,1,Fight
archive/RWF-2000/train/Fight/tIvvuvuJFYc_0.avi,1,Fight
archive/RWF-2000/train/Fight/tIvvuvuJFYc_1.avi,1,Fight
archive/RWF-2000/train/Fight/tIvvuvuJFYc_2.avi,1,Fight
archive/RWF-2000/train/Fight/TJfoIe801t8_0.avi,1,Fight
archive/RWF-2000/train/Fight/TKBcD3J9Cc8_0.avi,1,Fight
archive/RWF-2000/train/Fight/TKBcD3J9Cc8_1.avi,1,Fight
archive/RWF-2000/train/Fight/TKBcD3J9Cc8_2.avi,1,Fight
archive/RWF-2000/train/Fight/trhfd_1015.avi,1,Fight
archive/RWF-2000/train/Fight/trhfd_1016.avi,1,Fight
archive/RWF-2000/train/Fight/trhfd_1017.avi,1,Fight
archive/RWF-2000/train/Fight/trhfd_1018.avi,1,Fight
archive/RWF-2000/train/Fight/trhfd_1019.avi,1,Fight
archive/RWF-2000/train/Fight/truutrdf_1081.avi,1,Fight
archive/RWF-2000/train/Fight/truutrdf_1082.avi,1,Fight
archive/RWF-2000/train/Fight/truutrdf_1083.avi,1,Fight
archive/RWF-2000/train/Fight/truutrdf_1084.avi,1,Fight
archive/RWF-2000/train/Fight/truutrdf_1085.avi,1,Fight
archive/RWF-2000/train/Fight/truutrdf_1086.avi,1,Fight
archive/RWF-2000/train/Fight/truutrdf_1087.avi,1,Fight
archive/RWF-2000/train/Fight/tuQyUHkOpdk_0.avi,1,Fight
archive/RWF-2000/train/Fight/TuWan04E3gQ_0.avi,1,Fight
archive/RWF-2000/train/Fight/TuWan04E3gQ_1.avi,1,Fight
archive/RWF-2000/train/Fight/tUzd4cN2_0.avi,1,Fight
archive/RWF-2000/train/Fight/u-29uYuR2cg_0.avi,1,Fight
archive/RWF-2000/train/Fight/U-rD98WfBYs_0.avi,1,Fight
archive/RWF-2000/train/Fight/u1r8f71c_0.avi,1,Fight
archive/RWF-2000/train/Fight/u1r8f71c_1.avi,1,Fight
archive/RWF-2000/train/Fight/u1r8f71c_2.avi,1,Fight
archive/RWF-2000/train/Fight/u1r8f71c_3.avi,1,Fight
archive/RWF-2000/train/Fight/u1r8f71c_4.avi,1,Fight
archive/RWF-2000/train/Fight/u2Lkzfb0_0.avi,1,Fight
archive/RWF-2000/train/Fight/u2Lkzfb0_1.avi,1,Fight
archive/RWF-2000/train/Fight/u2Lkzfb0_2.avi,1,Fight
archive/RWF-2000/train/Fight/u2Lkzfb0_3.avi,1,Fight
archive/RWF-2000/train/Fight/ug2tQMG8DC0_0.avi,1,Fight
archive/RWF-2000/train/Fight/ug2tQMG8DC0_1.avi,1,Fight
archive/RWF-2000/train/Fight/ug2tQMG8DC0_2.avi,1,Fight
archive/RWF-2000/train/Fight/uGGFPY75IYQ_0.avi,1,Fight
archive/RWF-2000/train/Fight/uGGFPY75IYQ_1.avi,1,Fight
archive/RWF-2000/train/Fight/uKFI67bUzfg_0.avi,1,Fight
archive/RWF-2000/train/Fight/uKFI67bUzfg_1.avi,1,Fight
archive/RWF-2000/train/Fight/uKFI67bUzfg_2.avi,1,Fight
archive/RWF-2000/train/Fight/umOs1WLBkuo_0.avi,1,Fight
archive/RWF-2000/train/Fight/umOs1WLBkuo_1.avi,1,Fight
archive/RWF-2000/train/Fight/umOs1WLBkuo_2.avi,1,Fight
archive/RWF-2000/train/Fight/UvLAudRA91Y_0.avi,1,Fight
archive/RWF-2000/train/Fight/UvLAudRA91Y_1.avi,1,Fight
archive/RWF-2000/train/Fight/uXf4C-YwbtM_1.avi,1,Fight
archive/RWF-2000/train/Fight/uXf4C-YwbtM_3.avi,1,Fight
archive/RWF-2000/train/Fight/V726w0IKCp4_0.avi,1,Fight
archive/RWF-2000/train/Fight/V726w0IKCp4_1.avi,1,Fight
archive/RWF-2000/train/Fight/V726w0IKCp4_2.avi,1,Fight
archive/RWF-2000/train/Fight/V726w0IKCp4_3.avi,1,Fight
archive/RWF-2000/train/Fight/vBwKQfJYG1Q_0.avi,1,Fight
archive/RWF-2000/train/Fight/vBwKQfJYG1Q_1.avi,1,Fight
archive/RWF-2000/train/Fight/vBwKQfJYG1Q_2.avi,1,Fight
archive/RWF-2000/train/Fight/vBwKQfJYG1Q_3.avi,1,Fight
archive/RWF-2000/train/Fight/vBwKQfJYG1Q_4.avi,1,Fight
archive/RWF-2000/train/Fight/vBwKQfJYG1Q_5.avi,1,Fight
archive/RWF-2000/train/Fight/vBwKQfJYG1Q_6.avi,1,Fight
archive/RWF-2000/train/Fight/VbwTMJroTbI_0.avi,1,Fight
archive/RWF-2000/train/Fight/Vd27cYFthms_0.avi,1,Fight
archive/RWF-2000/train/Fight/VfDyc4ORBSI_0.avi,1,Fight
archive/RWF-2000/train/Fight/VfDyc4ORBSI_1.avi,1,Fight
archive/RWF-2000/train/Fight/videoplayback (1)_54.avi,1,Fight
archive/RWF-2000/train/Fight/videoplayback (1)_55.avi,1,Fight
archive/RWF-2000/train/Fight/videoplayback (2)_66.avi,1,Fight
archive/RWF-2000/train/Fight/videoplayback (2)_74.avi,1,Fight
archive/RWF-2000/train/Fight/videoplayback_92.avi,1,Fight
archive/RWF-2000/train/Fight/videoplayback_93.avi,1,Fight
archive/RWF-2000/train/Fight/videoplayback_94.avi,1,Fight
archive/RWF-2000/train/Fight/videoplayback_95.avi,1,Fight
archive/RWF-2000/train/Fight/vQKHxtrdEHM_0.avi,1,Fight
archive/RWF-2000/train/Fight/vQKHxtrdEHM_1.avi,1,Fight
archive/RWF-2000/train/Fight/vQKHxtrdEHM_2.avi,1,Fight
archive/RWF-2000/train/Fight/vQKHxtrdEHM_3.avi,1,Fight
archive/RWF-2000/train/Fight/vQKHxtrdEHM_4.avi,1,Fight
archive/RWF-2000/train/Fight/vQKHxtrdEHM_5.avi,1,Fight
archive/RWF-2000/train/Fight/vQKHxtrdEHM_6.avi,1,Fight
archive/RWF-2000/train/Fight/vQKHxtrdEHM_7.avi,1,Fight
archive/RWF-2000/train/Fight/vQKHxtrdEHM_9.avi,1,Fight
archive/RWF-2000/train/Fight/VYWWsld6ibI_0.avi,1,Fight
archive/RWF-2000/train/Fight/w1T3NmEAt00_0.avi,1,Fight
archive/RWF-2000/train/Fight/Wby1vUy8aYI_0.avi,1,Fight
archive/RWF-2000/train/Fight/Wby1vUy8aYI_1.avi,1,Fight
archive/RWF-2000/train/Fight/Wby1vUy8aYI_2.avi,1,Fight
archive/RWF-2000/train/Fight/wetrew_1195.avi,1,Fight
archive/RWF-2000/train/Fight/wetyh_1204.avi,1,Fight
archive/RWF-2000/train/Fight/wetyh_1205.avi,1,Fight
archive/RWF-2000/train/Fight/wetyh_1206.avi,1,Fight
archive/RWF-2000/train/Fight/wetyh_1207.avi,1,Fight
archive/RWF-2000/train/Fight/wetyh_1208.avi,1,Fight
archive/RWF-2000/train/Fight/wetyh_1223.avi,1,Fight
archive/RWF-2000/train/Fight/wetyh_1224.avi,1,Fight
archive/RWF-2000/train/Fight/wxdRVAZk_0.avi,1,Fight
archive/RWF-2000/train/Fight/wxdRVAZk_1.avi,1,Fight
archive/RWF-2000/train/Fight/X6V5o-uCYF4_0.avi,1,Fight
archive/RWF-2000/train/Fight/X6V5o-uCYF4_1.avi,1,Fight
archive/RWF-2000/train/Fight/X6V5o-uCYF4_2.avi,1,Fight
archive/RWF-2000/train/Fight/X6V5o-uCYF4_3.avi,1,Fight
archive/RWF-2000/train/Fight/X6V5o-uCYF4_4.avi,1,Fight
archive/RWF-2000/train/Fight/Xh6FNqKDMak_0.avi,1,Fight
archive/RWF-2000/train/Fight/xKq3hlefCUI_0.avi,1,Fight
archive/RWF-2000/train/Fight/xKq3hlefCUI_1.avi,1,Fight
archive/RWF-2000/train/Fight/XRC_6WgxusI_0.avi,1,Fight
archive/RWF-2000/train/Fight/xrlCdUaagHY_0.avi,1,Fight
archive/RWF-2000/train/Fight/YaWxiAtCwxE_0.avi,1,Fight
archive/RWF-2000/train/Fight/YaWxiAtCwxE_1.avi,1,Fight
archive/RWF-2000/train/Fight/YaWxiAtCwxE_2.avi,1,Fight
archive/RWF-2000/train/Fight/YaWxiAtCwxE_3.avi,1,Fight
archive/RWF-2000/train/Fight/YaWxiAtCwxE_4.avi,1,Fight
archive/RWF-2000/train/Fight/YaWxiAtCwxE_5.avi,1,Fight
archive/RWF-2000/train/Fight/YaWxiAtCwxE_6.avi,1,Fight
archive/RWF-2000/train/Fight/YaWxiAtCwxE_7.avi,1,Fight
archive/RWF-2000/train/Fight/YaWxiAtCwxE_8.avi,1,Fight
archive/RWF-2000/train/Fight/YL-qwpTMjzk_0.avi,1,Fight
archive/RWF-2000/train/Fight/YL-qwpTMjzk_1.avi,1,Fight
archive/RWF-2000/train/Fight/YL-qwpTMjzk_2.avi,1,Fight
archive/RWF-2000/train/Fight/YL-qwpTMjzk_4.avi,1,Fight
archive/RWF-2000/train/Fight/YUOfgfuh_1.avi,1,Fight
archive/RWF-2000/train/Fight/z19nkHMw_0.avi,1,Fight
archive/RWF-2000/train/Fight/z19nkHMw_1.avi,1,Fight
archive/RWF-2000/train/Fight/z1WyVUv8_0.avi,1,Fight
archive/RWF-2000/train/Fight/z1WyVUv8_1.avi,1,Fight
archive/RWF-2000/train/Fight/z1WyVUv8_2.avi,1,Fight
archive/RWF-2000/train/Fight/z7dOEJwUpVk_0.avi,1,Fight
archive/RWF-2000/train/Fight/ZnRk8nWJ548_0.avi,1,Fight
archive/RWF-2000/train/Fight/zuCTuKvj_0.avi,1,Fight
archive/RWF-2000/train/Fight/zuCTuKvj_1.avi,1,Fight
archive/RWF-2000/train/Fight/zuCTuKvj_2.avi,1,Fight
archive/RWF-2000/train/Fight/zuCTuKvj_3.avi,1,Fight
archive/RWF-2000/train/Fight/zuCTuKvj_5.avi,1,Fight
archive/RWF-2000/train/Fight/ZVPU5c95_0.avi,1,Fight
archive/RWF-2000/train/Fight/ZVPU5c95_1.avi,1,Fight
archive/RWF-2000/train/Fight/_2RYnSFPD_U_0.avi,1,Fight
archive/RWF-2000/train/Fight/_6-B11R9FJM_0.avi,1,Fight
archive/RWF-2000/train/Fight/_6-B11R9FJM_1.avi,1,Fight
archive/RWF-2000/train/Fight/_6-B11R9FJM_2.avi,1,Fight
archive/RWF-2000/train/Fight/_6-B11R9FJM_3.avi,1,Fight
archive/RWF-2000/train/Fight/_6-B11R9FJM_4.avi,1,Fight
archive/RWF-2000/train/Fight/_q5Nwh4Z6ao_0.avi,1,Fight
archive/RWF-2000/train/Fight/_q5Nwh4Z6ao_1.avi,1,Fight
archive/RWF-2000/train/Fight/_q5Nwh4Z6ao_10.avi,1,Fight
archive/RWF-2000/train/Fight/_q5Nwh4Z6ao_11.avi,1,Fight
archive/RWF-2000/train/Fight/_q5Nwh4Z6ao_13.avi,1,Fight
archive/RWF-2000/train/Fight/_q5Nwh4Z6ao_14.avi,1,Fight
archive/RWF-2000/train/Fight/_q5Nwh4Z6ao_2.avi,1,Fight
archive/RWF-2000/train/Fight/_q5Nwh4Z6ao_3.avi,1,Fight
archive/RWF-2000/train/Fight/_q5Nwh4Z6ao_4.avi,1,Fight
archive/RWF-2000/train/Fight/_q5Nwh4Z6ao_5.avi,1,Fight
archive/RWF-2000/train/Fight/_q5Nwh4Z6ao_6.avi,1,Fight
archive/RWF-2000/train/Fight/_q5Nwh4Z6ao_7.avi,1,Fight
archive/RWF-2000/train/Fight/_q5Nwh4Z6ao_8.avi,1,Fight
archive/RWF-2000/train/Fight/_q5Nwh4Z6ao_9.avi,1,Fight
archive/RWF-2000/train/Fight/_RziL1Ds6xU_0.avi,1,Fight
archive/RWF-2000/train/Fight/_RziL1Ds6xU_1.avi,1,Fight
archive/RWF-2000/train/Fight/_TwPzPRK7dc_0.avi,1,Fight
archive/RWF-2000/train/Fight/Ðàð¦ðÀÐëð®ðûÐçðáðûÐàðƒðíÐàÔòæðºÐàðƒðíÐçðñð»Ðçð¦ðØÐäÔòæÔòæÐäÔòæðøÐäÔòùÔòóÐÅÔòØð£ÐäÔòòðøÐåðÖðøÐçð¼ð»Ðçðøð¦ÐÅÔòØðæ_urlgot_121.avi,1,Fight
archive/RWF-2000/train/Fight/Ðàð¦ðÀÐëð®ðûÐçðáðûÐàðƒðíÐàÔòæðºÐàðƒðíÐçðñð»Ðçð¦ðØÐäÔòæÔòæÐäÔòæðøÐäÔòùÔòóÐÅÔòØð£ÐäÔòòðøÐåðÖðøÐçð¼ð»Ðçðøð¦ÐÅÔòØðæ_urlgot_122.avi,1,Fight
archive/RWF-2000/train/Fight/Ðàð¦ðÀÐëð®ðûÐçðáðûÐàðƒðíÐàÔòæðºÐàðƒðíÐçðñð»Ðçð¦ðØÐäÔòæÔòæÐäÔòæðøÐäÔòùÔòóÐÅÔòØð£ÐäÔòòðøÐåðÖðøÐçð¼ð»Ðçðøð¦ÐÅÔòØðæ_urlgot_123.avi,1,Fight
archive/RWF-2000/train/Fight/Ðàð¦ðÀÐëð®ðûÐçðáðûÐàðƒðíÐàÔòæðºÐàðƒðíÐçðñð»Ðçð¦ðØÐäÔòæÔòæÐäÔòæðøÐäÔòùÔòóÐÅÔòØð£ÐäÔòòðøÐåðÖðøÐçð¼ð»Ðçðøð¦ÐÅÔòØðæ_urlgot_127.avi,1,Fight
archive/RWF-2000/train/Fight/Ðàðáð£Ðêð¦ð£ÐêðÉðæÐåð¡ÔöÉÐàðƒð+Ðåð¡ðÁÐàÔòòð¥ÐåÔöñÔòøÐåðÖðúÐåð«ÔòóÐÅÔòØð£ÐäÔòòðøÐäÔòòðÉÐçðÀðóÐåð¼ðÖÐäÔòæÔòæÐêðÀðæÐåð¢ÔòùÐçðÁð«ÐäÔòæðûÐÅÔòØð£Ðçð½ðíÐåð×ðÀÐåðøðØÐäÔòòðøÐåðôð©ÐçðôðÿÐçðñÔòùÐëð¡ð¦ÐÅÔòØðæ_urlgot_222.avi,1,Fight
archive/RWF-2000/train/Fight/Ðàðáð£Ðêð¦ð£ÐêðÉðæÐåð¡ÔöÉÐàðƒð+Ðåð¡ðÁÐàÔòòð¥ÐåÔöñÔòøÐåðÖðúÐåð«ÔòóÐÅÔòØð£ÐäÔòòðøÐäÔòòðÉÐçðÀðóÐåð¼ðÖÐäÔòæÔòæÐêðÀðæÐåð¢ÔòùÐçðÁð«ÐäÔòæðûÐÅÔòØð£Ðçð½ðíÐåð×ðÀÐåðøðØÐäÔòòðøÐåðôð©ÐçðôðÿÐçðñÔòùÐëð¡ð¦ÐÅÔòØðæ_urlgot_223.avi,1,Fight
archive/RWF-2000/train/Fight/Ðàðáð£Ðêð¦ð£ÐêðÉðæÐåð¡ÔöÉÐàðƒð+Ðåð¡ðÁÐàÔòòð¥ÐåÔöñÔòøÐåðÖðúÐåð«ÔòóÐÅÔòØð£ÐäÔòòðøÐäÔòòðÉÐçðÀðóÐåð¼ðÖÐäÔòæÔòæÐêðÀðæÐåð¢ÔòùÐçðÁð«ÐäÔòæðûÐÅÔòØð£Ðçð½ðíÐåð×ðÀÐåðøðØÐäÔòòðøÐåðôð©ÐçðôðÿÐçðñÔòùÐëð¡ð¦ÐÅÔòØðæ_urlgot_224.avi,1,Fight
archive/RWF-2000/train/Fight/Ðàðáð×Ðàð×ð©Ðëðùð£Ðëð¡ð¦ÐäÔòòðÉÐêð©ðÉÐäÔòòðØÐàðáðÿÐàÔûæÔûÆÐàÔòØðÉÐåðÖðúÐÅÔòØð£ÐåðøðÖÐåð«ÔòóÐàðƒð¿ÐåðÖðúÐåð«ÔòóÐÅÔòØð£Ðçð×ÔûæÐàð¼ÔòæÐäÔòòðÉÐçðÖðùÐåÔòûÔòûÐäÔòúÔûÆÐÅÔòØð£Ðçð½ðíÐåð×ðÀÐåðøðØÐäÔòòðøÐàðòð©Ðçð©ðø_urlgot_233.avi,1,Fight
archive/RWF-2000/train/Fight/Ðàðáð×Ðàð×ð©Ðëðùð£Ðëð¡ð¦ÐäÔòòðÉÐêð©ðÉÐäÔòòðØÐàðáðÿÐàÔûæÔûÆÐàÔòØðÉÐåðÖðúÐÅÔòØð£ÐåðøðÖÐåð«ÔòóÐàðƒð¿ÐåðÖðúÐåð«ÔòóÐÅÔòØð£Ðçð×ÔûæÐàð¼ÔòæÐäÔòòðÉÐçðÖðùÐåÔòûÔòûÐäÔòúÔûÆÐÅÔòØð£Ðçð½ðíÐåð×ðÀÐåðøðØÐäÔòòðøÐàðòð©Ðçð©ðø_urlgot_235.avi,1,Fight
archive/RWF-2000/train/Fight/Ðàðáð×Ðàð×ð©Ðëðùð£Ðëð¡ð¦ÐäÔòòðÉÐêð©ðÉÐäÔòòðØÐàðáðÿÐàÔûæÔûÆÐàÔòØðÉÐåðÖðúÐÅÔòØð£ÐåðøðÖÐåð«ÔòóÐàðƒð¿ÐåðÖðúÐåð«ÔòóÐÅÔòØð£Ðçð×ÔûæÐàð¼ÔòæÐäÔòòðÉÐçðÖðùÐåÔòûÔòûÐäÔòúÔûÆÐÅÔòØð£Ðçð½ðíÐåð×ðÀÐåðøðØÐäÔòòðøÐàðòð©Ðçð©ðø_urlgot_236.avi,1,Fight
archive/RWF-2000/train/Fight/Ðàðáð×Ðàð×ð©Ðëðùð£Ðëð¡ð¦ÐäÔòòðÉÐêð©ðÉÐäÔòòðØÐàðáðÿÐàÔûæÔûÆÐàÔòØðÉÐåðÖðúÐÅÔòØð£ÐåðøðÖÐåð«ÔòóÐàðƒð¿ÐåðÖðúÐåð«ÔòóÐÅÔòØð£Ðçð×ÔûæÐàð¼ÔòæÐäÔòòðÉÐçðÖðùÐåÔòûÔòûÐäÔòúÔûÆÐÅÔòØð£Ðçð½ðíÐåð×ðÀÐåðøðØÐäÔòòðøÐàðòð©Ðçð©ðø_urlgot_237.avi,1,Fight
archive/RWF-2000/train/Fight/Ðàðáð×Ðàð×ð©Ðëðùð£Ðëð¡ð¦ÐäÔòòðÉÐêð©ðÉÐäÔòòðØÐàðáðÿÐàÔûæÔûÆÐàÔòØðÉÐåðÖðúÐÅÔòØð£ÐåðøðÖÐåð«ÔòóÐàðƒð¿ÐåðÖðúÐåð«ÔòóÐÅÔòØð£Ðçð×ÔûæÐàð¼ÔòæÐäÔòòðÉÐçðÖðùÐåÔòûÔòûÐäÔòúÔûÆÐÅÔòØð£Ðçð½ðíÐåð×ðÀÐåðøðØÐäÔòòðøÐàðòð©Ðçð©ðø_urlgot_238.avi,1,Fight
archive/RWF-2000/train/Fight/Ðàðáð×Ðàð×ð©Ðëðùð£Ðëð¡ð¦ÐäÔòòðÉÐêð©ðÉÐäÔòòðØÐàðáðÿÐàÔûæÔûÆÐàÔòØðÉÐåðÖðúÐÅÔòØð£ÐåðøðÖÐåð«ÔòóÐàðƒð¿ÐåðÖðúÐåð«ÔòóÐÅÔòØð£Ðçð×ÔûæÐàð¼ÔòæÐäÔòòðÉÐçðÖðùÐåÔòûÔòûÐäÔòúÔûÆÐÅÔòØð£Ðçð½ðíÐåð×ðÀÐåðøðØÐäÔòòðøÐàðòð©Ðçð©ðø_urlgot_242.avi,1,Fight
"archive/RWF-2000/train/Fight/ÐàðÂðÆÐåð«ð¼ÐäÔòòðØÐåð¿ð+Ðçð½ðíÐåð×ðÀ,ÐêÔûæðæÐäÔòØð¬Ðçð½ÔòòÐäÔöÉð¦ÐàÔûæðƒÐäÔòØð®ÐäÔòòÔòæÐäÔòæðûÐåðÖðúÐåð«ÔòóÐçð½ÔöñÐåð×ðÁÐäÔòùð×ÐäÔòæð£ÐåðÁÔòØÐêÔòûÔöéÐäÔòòðøÐàð×Ôòù_urlgot_254.avi",1,Fight
archive/RWF-2000/train/Fight/ÐàÔòúÔöÉÐäÔòòð¼Ðçð¼ðæÐåÔûÆðÑÐàð¦ÔöñÐàÔòòðÆÐåÔò£ð¥Ðëð¿ÔöéÐàð£ÔòæÐëðúð¼Ðçð½ðÆÐëðÑðùÐåÔûôÔöéÐëð®ðùÐåð¡ðíÐåð¬ÔöñÐàðÜð½ÐäÔòæðøÐäÔòùÔòóÐçð½ðíÐåð×ðÀÐêðÀðûÐëð¦ðí2_urlgot_138.avi,1,Fight
archive/RWF-2000/train/Fight/ÐàÔòúÔöÉÐäÔòòð¼Ðçð¼ðæÐåÔûÆðÑÐàð¦ÔöñÐàÔòòðÆÐåÔò£ð¥Ðëð¿ÔöéÐàð£ÔòæÐëðúð¼Ðçð½ðÆÐëðÑðùÐåÔûôÔöéÐëð®ðùÐåð¡ðíÐåð¬ÔöñÐàðÜð½ÐäÔòæðøÐäÔòùÔòóÐçð½ðíÐåð×ðÀÐêðÀðûÐëð¦ðí2_urlgot_139.avi,1,Fight
archive/RWF-2000/train/Fight/ÐàÔòúÔöÉÐäÔòòð¼Ðçð¼ðæÐåÔûÆðÑÐàð¦ÔöñÐàÔòòðÆÐåÔò£ð¥Ðëð¿ÔöéÐàð£ÔòæÐëðúð¼Ðçð½ðÆÐëðÑðùÐåÔûôÔöéÐëð®ðùÐåð¡ðíÐåð¬ÔöñÐàðÜð½ÐäÔòæðøÐäÔòùÔòóÐçð½ðíÐåð×ðÀÐêðÀðûÐëð¦ðí2_urlgot_140.avi,1,Fight
archive/RWF-2000/train/Fight/ÐàÔòúÔöÉÐäÔòòð¼Ðçð¼ðæÐåÔûÆðÑÐàð¦ÔöñÐàÔòòðÆÐåÔò£ð¥Ðëð¿ÔöéÐàð£ÔòæÐëðúð¼Ðçð½ðÆÐëðÑðùÐåÔûôÔöéÐëð®ðùÐåð¡ðíÐåð¬ÔöñÐàðÜð½ÐäÔòæðøÐäÔòùÔòóÐçð½ðíÐåð×ðÀÐêðÀðûÐëð¦ðí2_urlgot_141.avi,1,Fight
archive/RWF-2000/train/Fight/ÐäÔòòð¦ÐàðÁÔöéÐàð¢ðáÐàÔòæðºÐëðùð£ÐåðÖðúÐåð«ÔòóÐÅÔòØð£ÐàðØÔöñÐàÔòØðÑÐàðƒðíÐåðÑÔûæÐàðáðØÐçðñÔòûÐàð¢ðáÐàðùÔòæÐåðÖðøÐÅÔòØð£Ðåð¿ð+ÐäÔòùðÉÐäÔòúðÿÐàð×ð»Ðàð½ð¦ÐÅÔòØð»Ðçð½ðíÐåð×ðÀÐåðøðØÐäÔòòðøÐàðòð©Ðçð©ðø_urlgot_220.avi,1,Fight
archive/RWF-2000/train/Fight/ÐäÔòòð¦ÐàðÁÔöéÐàð¢ðáÐàÔòæðºÐëðùð£ÐåðÖðúÐåð«ÔòóÐÅÔòØð£ÐàðØÔöñÐàÔòØðÑÐàðƒðíÐåðÑÔûæÐàðáðØÐçðñÔòûÐàð¢ðáÐàðùÔòæÐåðÖðøÐÅÔòØð£Ðåð¿ð+ÐäÔòùðÉÐäÔòúðÿÐàð×ð»Ðàð½ð¦ÐÅÔòØð»Ðçð½ðíÐåð×ðÀÐåðøðØÐäÔòòðøÐàðòð©Ðçð©ðø_urlgot_221.avi,1,Fight
archive/RWF-2000/train/Fight/Ðçð½ðíÐåð×ðÀ-ÐêðøÔûÆÐàð½Ôò£Ðêð¢ðÂÐàð+ð»Ðåð¬ÔöñÐàðÜð½Ðåð¥ÔöñÐåðÖðúÐàðÁÔöéÐàð+ð£ÐçðÜð+_urlgot_210.avi,1,Fight
archive/RWF-2000/train/Fight/Ðçð½ðíÐåð×ðÀÐåðøðØÐäÔòòðøÐëð¦ðáÐàð×ðòÐäÔòòðÉÐçÔòøð¦ÐàÔûæðƒÐäÔòØð®ÐåðÖðúÐåð«ÔòóÐåðªðºÐåð¥Ôöñ ÐêðÉðæÐåð¡ÔöÉÐçð«ð+ÐëðºÔöñÐàðƒðíÐëð¦ð®ÐäÔòæðû_urlgot_267.avi,1,Fight
archive/RWF-2000/train/Fight/Ðçð½ðíÐåð×ðÀÐåðøðØÐäÔòòðøÐëð¦ðáÐàð×ðòÐäÔòòðÉÐçÔòøð¦ÐàÔûæðƒÐäÔòØð®ÐåðÖðúÐåð«ÔòóÐåðªðºÐåð¥Ôöñ ÐêðÉðæÐåð¡ÔöÉÐçð«ð+ÐëðºÔöñÐàðƒðíÐëð¦ð®ÐäÔòæðû_urlgot_268.avi,1,Fight
archive/RWF-2000/train/Fight/Ðçð½ðíÐåð×ðÀÐåðøðØÐäÔòòðøÐëð¦ðáÐàð×ðòÐäÔòòðÉÐçÔòøð¦ÐàÔûæðƒÐäÔòØð®ÐåðÖðúÐåð«ÔòóÐåðªðºÐåð¥Ôöñ ÐêðÉðæÐåð¡ÔöÉÐçð«ð+ÐëðºÔöñÐàðƒðíÐëð¦ð®ÐäÔòæðû_urlgot_279.avi,1,Fight
archive/RWF-2000/train/Fight/ÐçÔò£ðíÐàðáðÀÐëðæð¢ÐàÔûæðƒÐåÔòûÔòûÐåÔòûÔòûÐåðÖðúÐåð«ÔòóÐÅÔòØð£Ðçð½ðíÐåð×ðÀÐàðòð©Ðçð©ðøÐåðøðØÐåðíðö_urlgot_317.avi,1,Fight
