model,seed,stopped_epoch,accuracy,recall,precision,f1_score,auc_roc,false_negative,false_positive,true_positive,true_negative,best_val_loss,train_time_s
Modelo 1: Baseline Bi-GRU,1,10,76.21621621621621,71.5909090909091,76.82926829268293,74.11764705882354,85.62558575445173,25,19,63,78,0.5314095109008079,11.389045999996597
Modelo 1: Baseline Bi-GRU,2,7,75.67567567567568,77.27272727272727,73.11827956989248,75.13812154696133,85.2507029053421,20,25,68,72,0.5312875013018763,7.476108899980318
Modelo 1: Baseline Bi-GRU,3,8,72.97297297297297,64.77272727272727,75.0,69.51219512195121,83.65745079662605,31,19,57,78,0.5344595166139825,8.94746190001024
Modelo 1: Baseline Bi-GRU,4,9,74.5945945945946,73.86363636363636,73.03370786516854,73.44632768361582,85.63730084348641,23,24,65,73,0.5436966021393621,10.331208099989453
Modelo 1: Baseline Bi-GRU,5,7,76.75675675675676,68.18181818181817,80.0,73.61963190184049,84.98125585754453,28,15,60,82,0.5258514250433722,8.592066899989732
Modelo 1: Baseline Bi-GRU,6,8,75.13513513513513,67.04545454545455,77.63157894736842,71.95121951219512,83.55201499531397,29,17,59,80,0.540758979597757,11.921752900001593
Modelo 1: Baseline Bi-GRU,7,9,73.51351351351352,73.86363636363636,71.42857142857143,72.62569832402235,84.74695407685098,23,26,65,71,0.5396926159082457,9.67995640001027
Modelo 1: Baseline Bi-GRU,8,9,74.05405405405405,67.04545454545455,75.64102564102564,71.08433734939759,85.97703842549203,29,19,59,78,0.5360340306925219,10.986541099991882
Modelo 1: Baseline Bi-GRU,9,7,75.67567567567568,68.18181818181817,77.92207792207793,72.72727272727273,84.92268041237114,28,17,60,80,0.5300759084002916,7.654871699982323
Modelo 1: Baseline Bi-GRU,10,11,71.35135135135135,55.68181818181818,77.77777777777779,64.90066225165563,84.30178069353327,39,14,49,83,0.538125691302987,15.437716600019485
Modelo 1: Baseline Bi-GRU,11,7,74.5945945945946,73.86363636363636,73.03370786516854,73.44632768361582,85.46157450796625,23,24,65,73,0.5543982641641484,8.893239199998789
Modelo 1: Baseline Bi-GRU,12,9,73.51351351351352,63.63636363636363,76.71232876712328,69.56521739130434,84.14948453608247,32,17,56,80,0.5360531063966973,8.147075999993831
Modelo 1: Baseline Bi-GRU,13,8,72.97297297297297,73.86363636363636,70.65217391304348,72.22222222222221,84.9343955014058,23,27,65,70,0.5365701732247374,6.310481799999252
Modelo 1: Baseline Bi-GRU,14,8,76.21621621621621,67.04545454545455,79.72972972972973,72.8395061728395,84.6415182755389,29,15,59,82,0.5484506806661916,6.391067199991085
Modelo 1: Baseline Bi-GRU,15,7,74.05405405405405,75.0,71.73913043478261,73.33333333333333,85.12183692596062,22,26,66,71,0.5507521877455157,5.637070699973265
Modelo 1: Baseline Bi-GRU,16,7,74.05405405405405,73.86363636363636,72.22222222222221,73.03370786516854,83.96204311152765,23,25,65,72,0.540001594327217,5.849481900018873
Modelo 1: Baseline Bi-GRU,17,7,74.5945945945946,69.31818181818183,75.30864197530865,72.18934911242604,84.46579194001875,27,20,61,77,0.5291185089322024,5.799188100005267
Modelo 1: Baseline Bi-GRU,18,7,75.67567567567568,73.86363636363636,74.71264367816092,74.28571428571429,85.59044048734769,23,22,65,75,0.534112783226856,5.8090802999795415
Modelo 1: Baseline Bi-GRU,19,8,76.21621621621621,67.04545454545455,79.72972972972973,72.8395061728395,85.21555763823805,29,15,59,82,0.5429412819618402,6.936877300002379
Modelo 1: Baseline Bi-GRU,20,7,76.75675675675676,73.86363636363636,76.47058823529412,75.14450867052022,85.8481724461106,23,20,65,77,0.5519865953645041,5.755106700002216
Modelo 2: Dual-Stream Latente,1,7,75.67567567567568,86.36363636363636,69.72477064220183,77.15736040609137,88.54264292408622,12,33,76,64,0.5377408455970676,11.022356600005878
Modelo 2: Dual-Stream Latente,2,7,78.91891891891892,79.54545454545455,76.92307692307693,78.2122905027933,88.58950328022492,18,21,70,76,0.5039599042992259,10.78130809997674
Modelo 2: Dual-Stream Latente,3,8,77.83783783783784,79.54545454545455,75.26881720430107,77.34806629834254,87.11340206185567,18,23,70,74,0.5032920183137406,12.344305600010557
Modelo 2: Dual-Stream Latente,4,8,78.37837837837837,81.81818181818183,75.0,78.26086956521739,86.23477038425492,16,24,72,73,0.4757161685200625,13.110603999986779
Modelo 2: Dual-Stream Latente,5,7,78.37837837837837,96.5909090909091,69.67213114754098,80.95238095238095,91.014526710403,3,37,85,60,0.5456437763086585,12.107719399995403
Modelo 2: Dual-Stream Latente,6,8,80.54054054054053,89.77272727272727,74.52830188679245,81.44329896907216,88.83552014995314,9,27,79,70,0.4941545358923979,13.413699900003849
Modelo 2: Dual-Stream Latente,7,7,80.0,88.63636363636364,74.28571428571429,80.82901554404145,89.62043111527649,10,27,78,70,0.5231818119453829,11.868058799998835
Modelo 2: Dual-Stream Latente,8,8,79.45945945945945,86.36363636363636,74.50980392156863,80.0,89.12839737582006,12,26,76,71,0.5188499860985335,12.870391799981007
Modelo 2: Dual-Stream Latente,9,8,82.16216216216216,88.63636363636364,77.22772277227723,82.53968253968253,88.32005623242736,10,23,78,74,0.5211852898431378,12.87559529999271
Modelo 2: Dual-Stream Latente,10,8,81.62162162162161,85.22727272727273,78.125,81.52173913043478,88.10918462980318,13,21,75,76,0.5134854135125182,13.659424999990733
Modelo 2: Dual-Stream Latente,11,8,80.54054054054053,87.5,75.49019607843137,81.05263157894737,88.06232427366447,11,25,77,72,0.4879072707752849,12.818032799987122
Modelo 2: Dual-Stream Latente,12,7,78.37837837837837,90.9090909090909,71.42857142857143,80.0,89.2572633552015,8,32,80,65,0.5053725647371868,11.281773800001247
Modelo 2: Dual-Stream Latente,13,8,80.54054054054053,90.9090909090909,74.07407407407408,81.63265306122449,88.76522961574508,8,28,80,69,0.518585103472998,13.305418400006602
Modelo 2: Dual-Stream Latente,14,7,77.83783783783784,85.22727272727273,72.81553398058253,78.53403141361257,88.16776007497657,13,28,75,69,0.504476750936619,11.86924640001962
Modelo 2: Dual-Stream Latente,15,9,79.45945945945945,84.0909090909091,75.51020408163265,79.56989247311827,87.08997188378632,14,24,74,73,0.5602875970130743,16.302024500007974
Modelo 2: Dual-Stream Latente,16,6,76.75675675675676,76.13636363636364,75.28089887640449,75.70621468926554,84.60637300843487,21,22,67,75,0.5503424996553465,10.712013100011973
Modelo 2: Dual-Stream Latente,17,8,80.54054054054053,80.68181818181817,78.88888888888889,79.7752808988764,88.17947516401125,17,19,71,78,0.5011374900507373,13.29472619999433
Modelo 2: Dual-Stream Latente,18,7,77.29729729729729,76.13636363636364,76.13636363636364,76.13636363636364,87.35941893158387,21,21,67,76,0.5204290791999462,11.933439999993425
Modelo 2: Dual-Stream Latente,19,7,81.62162162162161,84.0909090909091,78.72340425531915,81.31868131868131,88.82380506091846,14,20,74,77,0.5094805704992871,11.464853699988453
Modelo 2: Dual-Stream Latente,20,7,79.45945945945945,78.4090909090909,78.4090909090909,78.4090909090909,88.50749765698221,19,19,69,78,0.53107000062632,11.924819200008642
Modelo 3: Tri-Stream Cinético,1,7,83.24324324324324,79.54545454545455,84.33734939759037,81.87134502923976,90.22961574507966,18,13,70,84,0.4926053395104963,16.954787100024987
Modelo 3: Tri-Stream Cinético,2,6,82.70270270270271,85.22727272727273,79.7872340425532,82.41758241758241,90.1593252108716,13,19,75,78,0.4889346020166264,15.023184900026536
Modelo 3: Tri-Stream Cinético,3,7,82.70270270270271,82.95454545454545,81.11111111111111,82.02247191011236,90.20618556701031,15,17,73,80,0.45418223281239356,17.072339599981206
Modelo 3: Tri-Stream Cinético,4,7,81.08108108108108,86.36363636363636,76.76767676767676,81.28342245989305,89.53842549203375,12,23,76,74,0.46940257660178253,17.620978200022364
Modelo 3: Tri-Stream Cinético,5,7,78.91891891891892,86.36363636363636,73.7864077669903,79.58115183246073,88.6129334582943,12,27,76,70,0.46324274214201194,16.916609600011725
Modelo 3: Tri-Stream Cinético,6,8,80.0,80.68181818181817,78.02197802197803,79.3296089385475,88.30834114339268,17,20,71,77,0.46498095102088394,19.318808299984084
Modelo 3: Tri-Stream Cinético,7,7,82.70270270270271,93.18181818181817,75.92592592592592,83.6734693877551,89.64386129334582,6,26,82,71,0.49973266429679336,19.353573200001847
Modelo 3: Tri-Stream Cinético,8,6,81.08108108108108,82.95454545454545,78.49462365591397,80.66298342541437,89.64386129334584,15,20,73,77,0.4876453739266063,16.04421480000019
Modelo 3: Tri-Stream Cinético,9,7,81.62162162162161,93.18181818181817,74.54545454545455,82.82828282828282,90.19447047797563,6,28,82,69,0.49052415628765905,17.98370110001997
Modelo 3: Tri-Stream Cinético,10,7,81.62162162162161,92.04545454545455,75.0,82.6530612244898,90.83880037488285,7,27,81,70,0.4880925154963205,17.911726599995745
Modelo 3: Tri-Stream Cinético,11,6,81.08108108108108,82.95454545454545,78.49462365591397,80.66298342541437,89.63214620431114,15,20,73,77,0.4874723136425018,15.15180049999617
Modelo 3: Tri-Stream Cinético,12,7,78.91891891891892,88.63636363636364,72.89719626168224,80.0,89.26897844423618,10,29,78,68,0.4847167641617531,17.781164699990768
Modelo 3: Tri-Stream Cinético,13,7,82.70270270270271,79.54545454545455,83.33333333333334,81.3953488372093,90.37019681349578,18,14,70,83,0.4627890439920647,17.041591199988034
Modelo 3: Tri-Stream Cinético,14,6,78.91891891891892,90.9090909090909,72.07207207207207,80.40201005025126,89.5618556701031,8,31,80,66,0.46877177981443185,16.66309220000403
Modelo 3: Tri-Stream Cinético,15,6,80.0,89.77272727272727,73.83177570093457,81.02564102564102,89.63214620431116,9,28,79,69,0.5126071056654287,15.05032849998679
Modelo 3: Tri-Stream Cinético,16,7,81.62162162162161,93.18181818181817,74.54545454545455,82.82828282828282,89.51499531396439,6,28,82,69,0.4682992304480353,18.81758400000399
Modelo 3: Tri-Stream Cinético,17,7,80.54054054054053,76.13636363636364,81.70731707317073,78.82352941176471,89.74929709465792,21,15,67,82,0.45884021077045173,18.269211400009226
Modelo 3: Tri-Stream Cinético,18,8,82.70270270270271,81.81818181818183,81.81818181818183,81.81818181818183,88.80037488284911,16,16,72,81,0.47831958185794743,19.874238599993987
Modelo 3: Tri-Stream Cinético,19,7,74.5945945945946,64.77272727272727,78.08219178082192,70.80745341614907,86.05904404873476,31,16,57,81,0.4930936117504918,17.68027750001056
Modelo 3: Tri-Stream Cinético,20,7,80.54054054054053,80.68181818181817,78.88888888888889,79.7752808988764,89.7610121836926,17,19,71,78,0.49089936170467113,17.940198600001168
